timestamp,ticker,action,quantity,exchange,price,commission
2009-08-05 00:00:00,IEI,SLD,2000,ARCA,109.89,10.0
2009-08-05 00:00:00,TLT,BOT,2870,ARCA,90.94,14.35
2009-08-06 00:00:00,IEI,BOT,2000,ARCA,109.91,10.0
2009-08-06 00:00:00,TLT,SLD,2870,ARCA,91.25,14.35
2009-08-10 00:00:00,IEI,BOT,2000,ARCA,109.94,10.0
2009-08-10 00:00:00,TLT,SLD,2850,ARCA,91.62,14.25
2009-08-12 00:00:00,IEI,SLD,2000,ARCA,110.23,10.0
2009-08-12 00:00:00,TLT,BOT,2850,ARCA,91.69,14.25
2009-08-13 00:00:00,IEI,BOT,2000,ARCA,110.73,10.0
2009-08-13 00:00:00,TLT,SLD,2828,ARCA,92.99,14.14
2009-08-14 00:00:00,IEI,SLD,2000,ARCA,110.98,10.0
2009-08-14 00:00:00,TLT,BOT,2828,ARCA,93.35,14.14
2009-08-17 00:00:00,IEI,BOT,2000,ARCA,111.52,10.0
2009-08-17 00:00:00,TLT,SLD,2796,ARCA,94.73,13.98
2009-08-18 00:00:00,IEI,SLD,2000,ARCA,111.28,10.0
2009-08-18 00:00:00,TLT,BOT,2796,ARCA,94.18,13.98
2009-08-21 00:00:00,IEI,SLD,2000,ARCA,110.8,10.0
2009-08-21 00:00:00,TLT,BOT,2806,ARCA,93.77,14.03
2009-08-24 00:00:00,IEI,BOT,2000,ARCA,111.28,10.0
2009-08-24 00:00:00,TLT,SLD,2806,ARCA,95.47,14.03
2009-09-02 00:00:00,IEI,BOT,2000,ARCA,112.37,10.0
2009-09-02 00:00:00,TLT,SLD,2735,ARCA,97.46,13.675
2009-09-03 00:00:00,IEI,SLD,2000,ARCA,112.1,10.0
2009-09-03 00:00:00,TLT,BOT,2735,ARCA,96.86,13.675
2009-09-04 00:00:00,IEI,SLD,2000,ARCA,111.83,10.0
2009-09-04 00:00:00,TLT,BOT,2786,ARCA,95.21,13.93
2009-09-08 00:00:00,IEI,BOT,2000,ARCA,111.75,10.0
2009-09-08 00:00:00,TLT,SLD,2786,ARCA,94.54,13.93
2009-09-10 00:00:00,IEI,BOT,2000,ARCA,112.19,10.0
2009-09-10 00:00:00,TLT,SLD,2767,ARCA,96.17,13.835
2009-09-11 00:00:00,IEI,SLD,2000,ARCA,112.21,10.0
2009-09-11 00:00:00,TLT,BOT,2767,ARCA,96.7,13.835
2009-09-14 00:00:00,IEI,SLD,2000,ARCA,111.98,10.0
2009-09-14 00:00:00,TLT,BOT,2774,ARCA,95.74,13.87
2009-09-15 00:00:00,IEI,BOT,2000,ARCA,111.79,10.0
2009-09-15 00:00:00,TLT,SLD,2774,ARCA,95.25,13.87
2009-09-17 00:00:00,IEI,BOT,2000,ARCA,111.84,10.0
2009-09-17 00:00:00,TLT,SLD,2746,ARCA,96.62,13.73
2009-09-18 00:00:00,IEI,SLD,2000,ARCA,111.47,10.0
2009-09-18 00:00:00,TLT,BOT,2746,ARCA,95.76,13.73
2009-09-25 00:00:00,IEI,BOT,2000,ARCA,112.19,10.0
2009-09-25 00:00:00,TLT,SLD,2716,ARCA,97.98,13.58
2009-09-29 00:00:00,IEI,SLD,2000,ARCA,112.26,10.0
2009-09-29 00:00:00,TLT,BOT,2716,ARCA,98.75,13.58
2009-10-01 00:00:00,IEI,BOT,2000,ARCA,112.86,10.0
2009-10-01 00:00:00,TLT,SLD,2682,ARCA,99.7,13.41
2009-10-02 00:00:00,IEI,SLD,2000,ARCA,112.73,10.0
2009-10-02 00:00:00,TLT,BOT,2682,ARCA,99.01,13.41
2009-10-06 00:00:00,IEI,SLD,2000,ARCA,112.59,10.0
2009-10-06 00:00:00,TLT,BOT,2721,ARCA,98.04,13.605
2009-10-07 00:00:00,IEI,BOT,2000,ARCA,112.97,10.0
2009-10-07 00:00:00,TLT,SLD,2721,ARCA,99.19,13.605
2009-10-08 00:00:00,IEI,SLD,2000,ARCA,112.77,10.0
2009-10-08 00:00:00,TLT,BOT,2722,ARCA,98.15,13.61
2009-10-12 00:00:00,IEI,BOT,2000,ARCA,112.24,10.0
2009-10-12 00:00:00,TLT,SLD,2722,ARCA,96.05,13.61
2009-10-14 00:00:00,IEI,SLD,2000,ARCA,112.13,10.0
2009-10-14 00:00:00,TLT,BOT,2793,ARCA,95.12,13.965
2009-10-15 00:00:00,IEI,BOT,2000,ARCA,111.87,10.0
2009-10-15 00:00:00,TLT,SLD,2793,ARCA,94.68,13.965
2009-10-19 00:00:00,IEI,BOT,2000,ARCA,112.15,10.0
2009-10-19 00:00:00,TLT,SLD,2762,ARCA,96.2,13.81
2009-10-20 00:00:00,IEI,SLD,2000,ARCA,112.51,10.0
2009-10-20 00:00:00,TLT,BOT,2762,ARCA,96.72,13.81
2009-10-26 00:00:00,IEI,SLD,2000,ARCA,111.37,10.0
2009-10-26 00:00:00,TLT,BOT,2815,ARCA,93.72,14.075
2009-10-27 00:00:00,IEI,BOT,2000,ARCA,112.03,10.0
2009-10-27 00:00:00,TLT,SLD,2815,ARCA,95.0,14.075
2009-10-29 00:00:00,IEI,SLD,2000,ARCA,111.95,10.0
2009-10-29 00:00:00,TLT,BOT,2809,ARCA,94.41,14.045
2009-10-30 00:00:00,IEI,BOT,2000,ARCA,112.44,10.0
2009-10-30 00:00:00,TLT,SLD,2809,ARCA,95.78,14.045
2009-11-03 00:00:00,IEI,SLD,2000,ARCA,111.56,10.0
2009-11-03 00:00:00,TLT,BOT,2818,ARCA,94.1,14.09
2009-11-05 00:00:00,IEI,BOT,2000,ARCA,111.64,10.0
2009-11-05 00:00:00,TLT,SLD,2818,ARCA,93.24,14.09
2009-11-16 00:00:00,IEI,BOT,2000,ARCA,112.55,10.0
2009-11-16 00:00:00,TLT,SLD,2815,ARCA,95.02,14.075
2009-11-17 00:00:00,IEI,SLD,2000,ARCA,112.63,10.0
2009-11-17 00:00:00,TLT,BOT,2815,ARCA,95.53,14.075
2009-12-01 00:00:00,IEI,SLD,2000,ARCA,112.97,10.0
2009-12-01 00:00:00,TLT,BOT,2823,ARCA,95.25,14.115
2009-12-02 00:00:00,IEI,BOT,2000,ARCA,112.79,10.0
2009-12-02 00:00:00,TLT,SLD,2823,ARCA,95.33,14.115
2009-12-03 00:00:00,IEI,SLD,2000,ARCA,112.64,10.0
2009-12-03 00:00:00,TLT,BOT,2842,ARCA,94.34,14.21
2009-12-04 00:00:00,IEI,BOT,2000,ARCA,112.02,10.0
2009-12-04 00:00:00,TLT,SLD,2842,ARCA,93.34,14.21
2009-12-10 00:00:00,IEI,SLD,2000,ARCA,112.24,10.0
2009-12-10 00:00:00,TLT,BOT,2900,ARCA,92.1,14.5
2009-12-11 00:00:00,IEI,BOT,2000,ARCA,111.99,10.0
2009-12-11 00:00:00,TLT,SLD,2900,ARCA,92.09,14.5
2009-12-17 00:00:00,IEI,BOT,2000,ARCA,112.23,10.0
2009-12-17 00:00:00,TLT,SLD,2866,ARCA,93.19,14.33
2009-12-18 00:00:00,IEI,SLD,2000,ARCA,111.91,10.0
2009-12-18 00:00:00,TLT,BOT,2866,ARCA,92.79,14.33
2009-12-21 00:00:00,IEI,SLD,2000,ARCA,111.31,10.0
2009-12-21 00:00:00,TLT,BOT,2906,ARCA,91.14,14.53
2009-12-22 00:00:00,IEI,BOT,2000,ARCA,111.0,10.0
2009-12-22 00:00:00,TLT,SLD,2906,ARCA,90.63,14.53
2009-12-24 00:00:00,IEI,SLD,2000,ARCA,110.71,10.0
2009-12-24 00:00:00,TLT,BOT,2937,ARCA,89.71,14.685
2009-12-28 00:00:00,IEI,BOT,2000,ARCA,110.37,10.0
2009-12-28 00:00:00,TLT,SLD,2937,ARCA,89.46,14.685
2010-01-06 00:00:00,IEI,SLD,2000,ARCA,110.44,10.0
2010-01-06 00:00:00,TLT,BOT,2942,ARCA,89.18,14.71
2010-01-07 00:00:00,IEI,BOT,2000,ARCA,110.4,10.0
2010-01-07 00:00:00,TLT,SLD,2942,ARCA,89.33,14.71
2010-01-12 00:00:00,IEI,BOT,2000,ARCA,111.16,10.0
2010-01-12 00:00:00,TLT,SLD,2924,ARCA,90.32,14.62
2010-01-13 00:00:00,IEI,SLD,2000,ARCA,110.79,10.0
2010-01-13 00:00:00,TLT,BOT,2924,ARCA,89.27,14.62
2010-01-14 00:00:00,IEI,BOT,2000,ARCA,111.06,10.0
2010-01-14 00:00:00,TLT,SLD,2915,ARCA,90.52,14.575
2010-01-15 00:00:00,IEI,SLD,2000,ARCA,111.36,10.0
2010-01-15 00:00:00,TLT,BOT,2915,ARCA,91.08,14.575
2010-01-20 00:00:00,IEI,BOT,2000,ARCA,111.46,10.0
2010-01-20 00:00:00,TLT,SLD,2887,ARCA,91.74,14.435
2010-01-21 00:00:00,IEI,SLD,2000,ARCA,111.77,10.0
2010-01-21 00:00:00,TLT,BOT,2887,ARCA,92.16,14.435
2010-02-01 00:00:00,IEI,SLD,2000,ARCA,111.63,10.0
2010-02-01 00:00:00,TLT,BOT,2906,ARCA,91.15,14.53
2010-02-02 00:00:00,IEI,BOT,2000,ARCA,111.68,10.0
2010-02-02 00:00:00,TLT,SLD,2906,ARCA,91.41,14.53
2010-02-03 00:00:00,IEI,SLD,2000,ARCA,111.44,10.0
2010-02-03 00:00:00,TLT,BOT,2926,ARCA,90.35,14.63
2010-02-04 00:00:00,IEI,BOT,2000,ARCA,112.08,10.0
2010-02-04 00:00:00,TLT,SLD,2926,ARCA,91.78,14.63
2010-02-09 00:00:00,IEI,SLD,2000,ARCA,111.98,10.0
2010-02-09 00:00:00,TLT,BOT,2914,ARCA,91.18,14.57
2010-02-10 00:00:00,IEI,BOT,2000,ARCA,111.67,10.0
2010-02-10 00:00:00,TLT,SLD,2914,ARCA,90.31,14.57
2010-02-17 00:00:00,IEI,SLD,2000,ARCA,111.63,10.0
2010-02-17 00:00:00,TLT,BOT,2965,ARCA,89.33,14.825
2010-02-18 00:00:00,IEI,BOT,2000,ARCA,111.4,10.0
2010-02-18 00:00:00,TLT,SLD,2965,ARCA,88.97,14.825
2010-02-23 00:00:00,IEI,BOT,2000,ARCA,111.83,10.0
2010-02-23 00:00:00,TLT,SLD,2932,ARCA,90.47,14.66
2010-02-24 00:00:00,IEI,SLD,2000,ARCA,111.8,10.0
2010-02-24 00:00:00,TLT,BOT,2932,ARCA,90.69,14.66
2010-03-05 00:00:00,IEI,SLD,2000,ARCA,111.87,10.0
2010-03-05 00:00:00,TLT,BOT,2936,ARCA,90.27,14.68
2010-03-08 00:00:00,IEI,BOT,2000,ARCA,111.74,10.0
2010-03-08 00:00:00,TLT,SLD,2936,ARCA,89.8,14.68
2010-03-24 00:00:00,IEI,SLD,2000,ARCA,110.92,10.0
2010-03-24 00:00:00,TLT,BOT,2943,ARCA,89.27,14.715
2010-03-25 00:00:00,IEI,BOT,2000,ARCA,110.77,10.0
2010-03-25 00:00:00,TLT,SLD,2943,ARCA,88.7,14.715
2010-04-05 00:00:00,IEI,SLD,2000,ARCA,110.09,10.0
2010-04-05 00:00:00,TLT,BOT,2977,ARCA,87.47,14.885
2010-04-06 00:00:00,IEI,BOT,2000,ARCA,110.31,10.0
2010-04-06 00:00:00,TLT,SLD,2977,ARCA,87.61,14.885
2010-04-07 00:00:00,IEI,BOT,2000,ARCA,110.71,10.0
2010-04-07 00:00:00,TLT,SLD,2951,ARCA,88.73,14.755
2010-04-08 00:00:00,IEI,SLD,2000,ARCA,110.64,10.0
2010-04-08 00:00:00,TLT,BOT,2951,ARCA,88.77,14.755
2010-04-27 00:00:00,IEI,BOT,2000,ARCA,111.86,10.0
2010-04-27 00:00:00,TLT,SLD,2892,ARCA,91.48,14.46
2010-04-28 00:00:00,IEI,SLD,2000,ARCA,111.48,10.0
2010-04-28 00:00:00,TLT,BOT,2892,ARCA,90.7,14.46
2010-04-30 00:00:00,IEI,BOT,2000,ARCA,111.98,10.0
2010-04-30 00:00:00,TLT,SLD,2874,ARCA,92.13,14.37
2010-05-03 00:00:00,IEI,SLD,2000,ARCA,111.54,10.0
2010-05-03 00:00:00,TLT,BOT,2874,ARCA,91.69,14.37
2010-05-04 00:00:00,IEI,BOT,2000,ARCA,112.0,10.0
2010-05-04 00:00:00,TLT,SLD,2834,ARCA,93.34,14.17
2010-05-05 00:00:00,IEI,SLD,2000,ARCA,112.37,10.0
2010-05-05 00:00:00,TLT,BOT,2834,ARCA,93.89,14.17
2010-05-06 00:00:00,IEI,BOT,2000,ARCA,113.0,10.0
2010-05-06 00:00:00,TLT,SLD,2757,ARCA,96.79,13.785
2010-05-07 00:00:00,IEI,SLD,2000,ARCA,113.02,10.0
2010-05-07 00:00:00,TLT,BOT,2757,ARCA,95.58,13.785
2010-05-10 00:00:00,IEI,SLD,2000,ARCA,112.47,10.0
2010-05-10 00:00:00,TLT,BOT,2838,ARCA,93.6,14.19
2010-05-11 00:00:00,IEI,BOT,2000,ARCA,112.59,10.0
2010-05-11 00:00:00,TLT,SLD,2838,ARCA,93.36,14.19
2010-05-14 00:00:00,IEI,BOT,2000,ARCA,113.13,10.0
2010-05-14 00:00:00,TLT,SLD,2816,ARCA,94.88,14.08
2010-05-17 00:00:00,IEI,SLD,2000,ARCA,112.97,10.0
2010-05-17 00:00:00,TLT,BOT,2816,ARCA,94.53,14.08
2010-05-18 00:00:00,IEI,BOT,2000,ARCA,113.43,10.0
2010-05-18 00:00:00,TLT,SLD,2791,ARCA,95.98,13.955
2010-05-19 00:00:00,IEI,SLD,2000,ARCA,113.37,10.0
2010-05-19 00:00:00,TLT,BOT,2791,ARCA,96.3,13.955
2010-05-20 00:00:00,IEI,BOT,2000,ARCA,113.94,10.0
2010-05-20 00:00:00,TLT,SLD,2736,ARCA,98.33,13.68
2010-05-21 00:00:00,IEI,SLD,2000,ARCA,113.91,10.0
2010-05-21 00:00:00,TLT,BOT,2736,ARCA,98.43,13.68
2010-05-27 00:00:00,IEI,SLD,2000,ARCA,113.18,10.0
2010-05-27 00:00:00,TLT,BOT,2782,ARCA,96.06,13.91
2010-05-28 00:00:00,IEI,BOT,2000,ARCA,113.45,10.0
2010-05-28 00:00:00,TLT,SLD,2782,ARCA,96.5,13.91
2010-06-04 00:00:00,IEI,BOT,2000,ARCA,113.98,10.0
2010-06-04 00:00:00,TLT,SLD,2749,ARCA,97.79,13.745
2010-06-07 00:00:00,IEI,SLD,2000,ARCA,114.22,10.0
2010-06-07 00:00:00,TLT,BOT,2749,ARCA,98.54,13.745
2010-06-10 00:00:00,IEI,SLD,2000,ARCA,113.4,10.0
2010-06-10 00:00:00,TLT,BOT,2780,ARCA,96.19,13.9
2010-06-11 00:00:00,IEI,BOT,2000,ARCA,113.82,10.0
2010-06-11 00:00:00,TLT,SLD,2780,ARCA,97.41,13.9
2010-06-22 00:00:00,IEI,BOT,2000,ARCA,114.26,10.0
2010-06-22 00:00:00,TLT,SLD,2734,ARCA,98.57,13.67
2010-06-23 00:00:00,IEI,SLD,2000,ARCA,114.49,10.0
2010-06-23 00:00:00,TLT,BOT,2734,ARCA,99.24,13.67
2010-06-29 00:00:00,IEI,BOT,2000,ARCA,115.36,10.0
2010-06-29 00:00:00,TLT,SLD,2691,ARCA,101.07,13.455
2010-06-30 00:00:00,IEI,SLD,2000,ARCA,115.33,10.0
2010-06-30 00:00:00,TLT,BOT,2691,ARCA,101.75,13.455
2010-07-07 00:00:00,IEI,SLD,2000,ARCA,115.12,10.0
2010-07-07 00:00:00,TLT,BOT,2700,ARCA,100.43,13.5
2010-07-08 00:00:00,IEI,BOT,2000,ARCA,114.98,10.0
2010-07-08 00:00:00,TLT,SLD,2700,ARCA,99.79,13.5
2010-07-21 00:00:00,IEI,BOT,2000,ARCA,116.06,10.0
2010-07-21 00:00:00,TLT,SLD,2679,ARCA,102.03,13.395
2010-07-22 00:00:00,IEI,SLD,2000,ARCA,115.85,10.0
2010-07-22 00:00:00,TLT,BOT,2679,ARCA,100.85,13.395
2010-07-23 00:00:00,IEI,SLD,2000,ARCA,115.56,10.0
2010-07-23 00:00:00,TLT,BOT,2727,ARCA,99.78,13.635
2010-07-26 00:00:00,IEI,BOT,2000,ARCA,115.53,10.0
2010-07-26 00:00:00,TLT,SLD,2727,ARCA,99.61,13.635
2010-07-30 00:00:00,IEI,BOT,2000,ARCA,116.38,10.0
2010-07-30 00:00:00,TLT,SLD,2728,ARCA,100.48,13.64
2010-08-02 00:00:00,IEI,SLD,2000,ARCA,115.94,10.0
2010-08-02 00:00:00,TLT,BOT,2728,ARCA,98.75,13.64
2010-08-06 00:00:00,IEI,BOT,2000,ARCA,116.73,10.0
2010-08-06 00:00:00,TLT,SLD,2742,ARCA,100.1,13.71
2010-08-09 00:00:00,IEI,SLD,2000,ARCA,116.62,10.0
2010-08-09 00:00:00,TLT,BOT,2742,ARCA,99.73,13.71
2010-08-11 00:00:00,IEI,BOT,2000,ARCA,117.27,10.0
2010-08-11 00:00:00,TLT,SLD,2723,ARCA,101.28,13.615
2010-08-12 00:00:00,IEI,SLD,2000,ARCA,117.01,10.0
2010-08-12 00:00:00,TLT,BOT,2723,ARCA,101.03,13.615
2010-08-13 00:00:00,IEI,BOT,2000,ARCA,117.19,10.0
2010-08-13 00:00:00,TLT,SLD,2694,ARCA,102.29,13.47
2010-08-17 00:00:00,IEI,SLD,2000,ARCA,117.35,10.0
2010-08-17 00:00:00,TLT,BOT,2694,ARCA,104.25,13.47
2010-08-19 00:00:00,IEI,BOT,2000,ARCA,117.46,10.0
2010-08-19 00:00:00,TLT,SLD,2602,ARCA,106.16,13.01
2010-08-20 00:00:00,IEI,SLD,2000,ARCA,117.19,10.0
2010-08-20 00:00:00,TLT,BOT,2602,ARCA,106.04,13.01
2010-08-24 00:00:00,IEI,BOT,2000,ARCA,117.84,10.0
2010-08-24 00:00:00,TLT,SLD,2571,ARCA,107.76,12.855
2010-08-25 00:00:00,IEI,SLD,2000,ARCA,117.53,10.0
2010-08-25 00:00:00,TLT,BOT,2571,ARCA,107.41,12.855
2010-08-26 00:00:00,IEI,BOT,2000,ARCA,117.72,10.0
2010-08-26 00:00:00,TLT,SLD,2553,ARCA,108.42,12.765
2010-08-27 00:00:00,IEI,SLD,2000,ARCA,117.04,10.0
2010-08-27 00:00:00,TLT,BOT,2553,ARCA,105.35,12.765
2010-08-30 00:00:00,IEI,BOT,2000,ARCA,117.65,10.0
2010-08-30 00:00:00,TLT,SLD,2576,ARCA,107.37,12.88
2010-09-01 00:00:00,IEI,SLD,2000,ARCA,117.31,10.0
2010-09-01 00:00:00,TLT,BOT,2576,ARCA,106.0,12.88
2010-09-02 00:00:00,IEI,SLD,2000,ARCA,117.15,10.0
2010-09-02 00:00:00,TLT,BOT,2622,ARCA,104.88,13.11
2010-09-07 00:00:00,IEI,BOT,2000,ARCA,117.3,10.0
2010-09-07 00:00:00,TLT,SLD,2622,ARCA,105.7,13.11
2010-09-09 00:00:00,IEI,SLD,2000,ARCA,116.5,10.0
2010-09-09 00:00:00,TLT,BOT,2660,ARCA,102.79,13.3
2010-09-10 00:00:00,IEI,BOT,2000,ARCA,116.35,10.0
2010-09-10 00:00:00,TLT,SLD,2660,ARCA,102.32,13.3
2010-09-15 00:00:00,IEI,SLD,2000,ARCA,117.06,10.0
2010-09-15 00:00:00,TLT,BOT,2687,ARCA,102.27,13.435
2010-09-17 00:00:00,IEI,BOT,2000,ARCA,117.09,10.0
2010-09-17 00:00:00,TLT,SLD,2687,ARCA,101.67,13.435
2010-09-21 00:00:00,IEI,BOT,2000,ARCA,117.88,10.0
2010-09-21 00:00:00,TLT,SLD,2669,ARCA,103.68,13.345
2010-09-23 00:00:00,IEI,SLD,2000,ARCA,117.94,10.0
2010-09-23 00:00:00,TLT,BOT,2669,ARCA,104.91,13.345
2010-09-24 00:00:00,IEI,SLD,2000,ARCA,117.7,10.0
2010-09-24 00:00:00,TLT,BOT,2669,ARCA,103.5,13.345
2010-09-27 00:00:00,IEI,BOT,2000,ARCA,118.13,10.0
2010-09-27 00:00:00,TLT,SLD,2669,ARCA,105.3,13.345
2010-10-06 00:00:00,IEI,BOT,2000,ARCA,118.74,10.0
2010-10-06 00:00:00,TLT,SLD,2635,ARCA,105.56,13.175
2010-10-07 00:00:00,IEI,SLD,2000,ARCA,118.86,10.0
2010-10-07 00:00:00,TLT,BOT,2635,ARCA,104.68,13.175
2010-10-12 00:00:00,IEI,SLD,2000,ARCA,118.8,10.0
2010-10-12 00:00:00,TLT,BOT,2696,ARCA,103.21,13.48
2010-10-13 00:00:00,IEI,BOT,2000,ARCA,118.91,10.0
2010-10-13 00:00:00,TLT,SLD,2696,ARCA,103.05,13.48
2010-10-14 00:00:00,IEI,SLD,2000,ARCA,118.55,10.0
2010-10-14 00:00:00,TLT,BOT,2735,ARCA,101.51,13.675
2010-10-18 00:00:00,IEI,BOT,2000,ARCA,118.87,10.0
2010-10-18 00:00:00,TLT,SLD,2735,ARCA,101.08,13.675
2010-10-21 00:00:00,IEI,SLD,2000,ARCA,118.75,10.0
2010-10-21 00:00:00,TLT,BOT,2762,ARCA,100.7,13.81
2010-10-22 00:00:00,IEI,BOT,2000,ARCA,118.68,10.0
2010-10-22 00:00:00,TLT,SLD,2762,ARCA,101.38,13.81
2010-10-26 00:00:00,IEI,SLD,2000,ARCA,118.18,10.0
2010-10-26 00:00:00,TLT,BOT,2765,ARCA,100.1,13.825
2010-10-27 00:00:00,IEI,BOT,2000,ARCA,117.83,10.0
2010-10-27 00:00:00,TLT,SLD,2765,ARCA,99.22,13.825
2010-11-02 00:00:00,IEI,BOT,2000,ARCA,118.7,10.0
2010-11-02 00:00:00,TLT,SLD,2749,ARCA,100.98,13.745
2010-11-03 00:00:00,IEI,SLD,2000,ARCA,119.03,10.0
2010-11-03 00:00:00,TLT,BOT,2749,ARCA,98.92,13.745
2010-11-05 00:00:00,IEI,SLD,2000,ARCA,119.08,10.0
2010-11-05 00:00:00,TLT,BOT,2842,ARCA,97.98,14.21
2010-11-08 00:00:00,IEI,BOT,2000,ARCA,119.02,10.0
2010-11-08 00:00:00,TLT,SLD,2842,ARCA,98.42,14.21
2010-11-09 00:00:00,IEI,SLD,2000,ARCA,118.37,10.0
2010-11-09 00:00:00,TLT,BOT,2876,ARCA,96.25,14.38
2010-11-10 00:00:00,IEI,BOT,2000,ARCA,118.6,10.0
2010-11-10 00:00:00,TLT,SLD,2876,ARCA,96.38,14.38
2010-11-15 00:00:00,IEI,SLD,2000,ARCA,117.03,10.0
2010-11-15 00:00:00,TLT,BOT,2916,ARCA,93.81,14.58
2010-11-16 00:00:00,IEI,BOT,2000,ARCA,117.32,10.0
2010-11-16 00:00:00,TLT,SLD,2916,ARCA,96.14,14.58
2010-11-24 00:00:00,IEI,SLD,2000,ARCA,116.93,10.0
2010-11-24 00:00:00,TLT,BOT,2855,ARCA,95.74,14.275
2010-11-26 00:00:00,IEI,BOT,2000,ARCA,117.15,10.0
2010-11-26 00:00:00,TLT,SLD,2855,ARCA,97.07,14.275
2010-11-29 00:00:00,IEI,BOT,2000,ARCA,117.21,10.0
2010-11-29 00:00:00,TLT,SLD,2799,ARCA,97.9,13.995
2010-11-30 00:00:00,IEI,SLD,2000,ARCA,117.42,10.0
2010-11-30 00:00:00,TLT,BOT,2799,ARCA,98.41,13.995
2010-12-01 00:00:00,IEI,SLD,2000,ARCA,116.47,10.0
2010-12-01 00:00:00,TLT,BOT,2834,ARCA,95.89,14.17
2010-12-02 00:00:00,IEI,BOT,2000,ARCA,116.2,10.0
2010-12-02 00:00:00,TLT,SLD,2834,ARCA,95.64,14.17
2010-12-03 00:00:00,IEI,SLD,2000,ARCA,116.43,10.0
2010-12-03 00:00:00,TLT,BOT,2863,ARCA,94.89,14.315
2010-12-06 00:00:00,IEI,BOT,2000,ARCA,116.87,10.0
2010-12-06 00:00:00,TLT,SLD,2863,ARCA,96.23,14.315
2010-12-07 00:00:00,IEI,SLD,2000,ARCA,115.93,10.0
2010-12-07 00:00:00,TLT,BOT,2872,ARCA,94.17,14.36
2010-12-08 00:00:00,IEI,BOT,2000,ARCA,115.2,10.0
2010-12-08 00:00:00,TLT,SLD,2872,ARCA,93.26,14.36
2010-12-14 00:00:00,IEI,SLD,2000,ARCA,114.31,10.0
2010-12-14 00:00:00,TLT,BOT,2894,ARCA,92.14,14.47
2010-12-16 00:00:00,IEI,BOT,2000,ARCA,114.36,10.0
2010-12-16 00:00:00,TLT,SLD,2894,ARCA,91.57,14.47
2010-12-17 00:00:00,IEI,BOT,2000,ARCA,114.87,10.0
2010-12-17 00:00:00,TLT,SLD,2874,ARCA,93.24,14.37
2010-12-20 00:00:00,IEI,SLD,2000,ARCA,114.93,10.0
2010-12-20 00:00:00,TLT,BOT,2874,ARCA,93.14,14.37
2010-12-27 00:00:00,IEI,BOT,2000,ARCA,114.59,10.0
2010-12-27 00:00:00,TLT,SLD,2851,ARCA,93.76,14.255
2010-12-28 00:00:00,IEI,SLD,2000,ARCA,113.82,10.0
2010-12-28 00:00:00,TLT,BOT,2851,ARCA,91.61,14.255
2010-12-29 00:00:00,IEI,BOT,2000,ARCA,114.64,10.0
2010-12-29 00:00:00,TLT,SLD,2866,ARCA,93.16,14.33
2010-12-30 00:00:00,IEI,SLD,2000,ARCA,114.46,10.0
2010-12-30 00:00:00,TLT,BOT,2866,ARCA,93.09,14.33
2010-12-31 00:00:00,IEI,BOT,2000,ARCA,114.65,10.0
2010-12-31 00:00:00,TLT,SLD,2837,ARCA,94.12,14.185
2011-01-03 00:00:00,IEI,SLD,2000,ARCA,114.71,10.0
2011-01-03 00:00:00,TLT,BOT,2837,ARCA,93.41,14.185
2011-01-05 00:00:00,IEI,SLD,2000,ARCA,114.14,10.0
2011-01-05 00:00:00,TLT,BOT,2906,ARCA,91.46,14.53
2011-01-06 00:00:00,IEI,BOT,2000,ARCA,114.39,10.0
2011-01-06 00:00:00,TLT,SLD,2906,ARCA,91.86,14.53
2011-01-20 00:00:00,IEI,SLD,2000,ARCA,114.73,10.0
2011-01-20 00:00:00,TLT,BOT,2942,ARCA,90.8,14.71
2011-01-21 00:00:00,IEI,BOT,2000,ARCA,114.9,10.0
2011-01-21 00:00:00,TLT,SLD,2942,ARCA,91.52,14.71
2011-01-26 00:00:00,IEI,SLD,2000,ARCA,114.98,10.0
2011-01-26 00:00:00,TLT,BOT,2941,ARCA,91.03,14.705
2011-01-27 00:00:00,IEI,BOT,2000,ARCA,115.22,10.0
2011-01-27 00:00:00,TLT,SLD,2941,ARCA,91.44,14.705
2011-02-10 00:00:00,IEI,SLD,2000,ARCA,113.07,10.0
2011-02-10 00:00:00,TLT,BOT,2980,ARCA,88.19,14.9
2011-02-11 00:00:00,IEI,BOT,2000,ARCA,113.26,10.0
2011-02-11 00:00:00,TLT,SLD,2980,ARCA,89.46,14.9
2011-02-22 00:00:00,IEI,BOT,2000,ARCA,114.48,10.0
2011-02-22 00:00:00,TLT,SLD,2929,ARCA,90.83,14.645
2011-02-23 00:00:00,IEI,SLD,2000,ARCA,114.32,10.0
2011-02-23 00:00:00,TLT,BOT,2929,ARCA,91.16,14.645
2011-03-02 00:00:00,IEI,SLD,2000,ARCA,114.33,10.0
2011-03-02 00:00:00,TLT,BOT,2916,ARCA,90.95,14.58
2011-03-03 00:00:00,IEI,BOT,2000,ARCA,113.69,10.0
2011-03-03 00:00:00,TLT,SLD,2916,ARCA,90.06,14.58
2011-03-09 00:00:00,IEI,BOT,2000,ARCA,114.42,10.0
2011-03-09 00:00:00,TLT,SLD,2932,ARCA,90.55,14.66
2011-03-11 00:00:00,IEI,SLD,2000,ARCA,114.99,10.0
2011-03-11 00:00:00,TLT,BOT,2932,ARCA,91.55,14.66
2011-03-15 00:00:00,IEI,BOT,2000,ARCA,115.34,10.0
2011-03-15 00:00:00,TLT,SLD,2881,ARCA,92.88,14.405
2011-03-16 00:00:00,IEI,SLD,2000,ARCA,115.99,10.0
2011-03-16 00:00:00,TLT,BOT,2881,ARCA,93.93,14.405
2011-04-06 00:00:00,IEI,SLD,2000,ARCA,113.68,10.0
2011-04-06 00:00:00,TLT,BOT,2906,ARCA,90.54,14.53
2011-04-07 00:00:00,IEI,BOT,2000,ARCA,113.89,10.0
2011-04-07 00:00:00,TLT,SLD,2906,ARCA,90.36,14.53
2011-04-15 00:00:00,IEI,BOT,2000,ARCA,114.74,10.0
2011-04-15 00:00:00,TLT,SLD,2865,ARCA,92.67,14.325
2011-04-18 00:00:00,IEI,SLD,2000,ARCA,115.07,10.0
2011-04-18 00:00:00,TLT,BOT,2865,ARCA,92.88,14.325
2011-04-26 00:00:00,IEI,BOT,2000,ARCA,115.37,10.0
2011-04-26 00:00:00,TLT,SLD,2845,ARCA,93.85,14.225
2011-04-27 00:00:00,IEI,SLD,2000,ARCA,115.35,10.0
2011-04-27 00:00:00,TLT,BOT,2845,ARCA,92.89,14.225
2011-05-13 00:00:00,IEI,BOT,2000,ARCA,116.4,10.0
2011-05-13 00:00:00,TLT,SLD,2826,ARCA,95.08,14.13
2011-05-16 00:00:00,IEI,SLD,2000,ARCA,116.6,10.0
2011-05-16 00:00:00,TLT,BOT,2826,ARCA,95.61,14.13
2011-05-17 00:00:00,IEI,BOT,2000,ARCA,116.74,10.0
2011-05-17 00:00:00,TLT,SLD,2790,ARCA,96.59,13.95
2011-05-18 00:00:00,IEI,SLD,2000,ARCA,116.4,10.0
2011-05-18 00:00:00,TLT,BOT,2790,ARCA,95.31,13.95
2011-06-01 00:00:00,IEI,BOT,2000,ARCA,117.78,10.0
2011-06-01 00:00:00,TLT,SLD,2779,ARCA,97.64,13.895
2011-06-02 00:00:00,IEI,SLD,2000,ARCA,117.41,10.0
2011-06-02 00:00:00,TLT,BOT,2779,ARCA,95.78,13.895
2011-06-06 00:00:00,IEI,SLD,2000,ARCA,117.73,10.0
2011-06-06 00:00:00,TLT,BOT,2837,ARCA,95.6,14.185
2011-06-07 00:00:00,IEI,BOT,2000,ARCA,117.92,10.0
2011-06-07 00:00:00,TLT,SLD,2837,ARCA,96.04,14.185
2011-06-14 00:00:00,IEI,SLD,2000,ARCA,117.29,10.0
2011-06-14 00:00:00,TLT,BOT,2838,ARCA,95.19,14.19
2011-06-15 00:00:00,IEI,BOT,2000,ARCA,118.02,10.0
2011-06-15 00:00:00,TLT,SLD,2838,ARCA,96.92,14.19
2011-06-24 00:00:00,IEI,SLD,2000,ARCA,118.79,10.0
2011-06-24 00:00:00,TLT,BOT,2821,ARCA,96.98,14.105
2011-06-28 00:00:00,IEI,BOT,2000,ARCA,117.79,10.0
2011-06-28 00:00:00,TLT,SLD,2821,ARCA,94.88,14.105
2011-07-08 00:00:00,IEI,BOT,2000,ARCA,117.85,10.0
2011-07-08 00:00:00,TLT,SLD,2841,ARCA,95.37,14.205
2011-07-12 00:00:00,IEI,SLD,2000,ARCA,118.53,10.0
2011-07-12 00:00:00,TLT,BOT,2841,ARCA,97.13,14.205
2011-07-14 00:00:00,IEI,SLD,2000,ARCA,118.31,10.0
2011-07-14 00:00:00,TLT,BOT,2833,ARCA,96.01,14.165
2011-07-15 00:00:00,IEI,BOT,2000,ARCA,118.6,10.0
2011-07-15 00:00:00,TLT,SLD,2833,ARCA,96.17,14.165
2011-07-18 00:00:00,IEI,SLD,2000,ARCA,118.59,10.0
2011-07-18 00:00:00,TLT,BOT,2863,ARCA,95.24,14.315
2011-07-19 00:00:00,IEI,BOT,2000,ARCA,118.74,10.0
2011-07-19 00:00:00,TLT,SLD,2863,ARCA,97.22,14.315
2011-07-20 00:00:00,IEI,SLD,2000,ARCA,118.46,10.0
2011-07-20 00:00:00,TLT,BOT,2835,ARCA,96.07,14.175
2011-07-21 00:00:00,IEI,BOT,2000,ARCA,118.17,10.0
2011-07-21 00:00:00,TLT,SLD,2835,ARCA,95.33,14.175
2011-07-25 00:00:00,IEI,SLD,2000,ARCA,118.18,10.0
2011-07-25 00:00:00,TLT,BOT,2860,ARCA,95.0,14.3
2011-07-26 00:00:00,IEI,BOT,2000,ARCA,118.45,10.0
2011-07-26 00:00:00,TLT,SLD,2860,ARCA,95.65,14.3
2011-07-29 00:00:00,IEI,BOT,2000,ARCA,119.29,10.0
2011-07-29 00:00:00,TLT,SLD,2800,ARCA,97.92,14.0
2011-08-03 00:00:00,IEI,SLD,2000,ARCA,119.74,10.0
2011-08-03 00:00:00,TLT,BOT,2800,ARCA,101.74,14.0
2011-08-04 00:00:00,IEI,BOT,2000,ARCA,120.48,10.0
2011-08-04 00:00:00,TLT,SLD,2624,ARCA,105.36,13.12
2011-08-05 00:00:00,IEI,SLD,2000,ARCA,119.76,10.0
2011-08-05 00:00:00,TLT,BOT,2624,ARCA,102.32,13.12
2011-08-08 00:00:00,IEI,BOT,2000,ARCA,120.47,10.0
2011-08-08 00:00:00,TLT,SLD,2618,ARCA,105.55,13.09
2011-08-09 00:00:00,IEI,SLD,2000,ARCA,120.98,10.0
2011-08-09 00:00:00,TLT,BOT,2618,ARCA,105.87,13.09
2011-08-10 00:00:00,IEI,BOT,2000,ARCA,121.56,10.0
2011-08-10 00:00:00,TLT,SLD,2558,ARCA,109.02,12.79
2011-08-11 00:00:00,IEI,SLD,2000,ARCA,120.91,10.0
2011-08-11 00:00:00,TLT,BOT,2558,ARCA,103.52,12.79
2011-08-12 00:00:00,IEI,BOT,2000,ARCA,121.23,10.0
2011-08-12 00:00:00,TLT,SLD,2634,ARCA,105.57,13.17
2011-08-15 00:00:00,IEI,SLD,2000,ARCA,121.02,10.0
2011-08-15 00:00:00,TLT,BOT,2634,ARCA,104.5,13.17
2011-08-16 00:00:00,IEI,BOT,2000,ARCA,121.3,10.0
2011-08-16 00:00:00,TLT,SLD,2619,ARCA,106.23,13.095
2011-08-22 00:00:00,IEI,SLD,2000,ARCA,121.5,10.0
2011-08-22 00:00:00,TLT,BOT,2619,ARCA,110.92,13.095
2011-08-23 00:00:00,IEI,SLD,2000,ARCA,121.31,10.0
2011-08-23 00:00:00,TLT,BOT,2543,ARCA,109.39,12.715
2011-08-25 00:00:00,IEI,BOT,2000,ARCA,121.19,10.0
2011-08-25 00:00:00,TLT,SLD,2543,ARCA,107.43,12.715
2011-08-29 00:00:00,IEI,SLD,2000,ARCA,121.18,10.0
2011-08-29 00:00:00,TLT,BOT,2597,ARCA,106.99,12.985
2011-08-30 00:00:00,IEI,BOT,2000,ARCA,121.4,10.0
2011-08-30 00:00:00,TLT,SLD,2597,ARCA,108.71,12.985
2011-08-31 00:00:00,IEI,SLD,2000,ARCA,121.28,10.0
2011-08-31 00:00:00,TLT,BOT,2598,ARCA,107.03,12.99
2011-09-01 00:00:00,IEI,BOT,2000,ARCA,121.53,10.0
2011-09-01 00:00:00,TLT,SLD,2598,ARCA,108.97,12.99
2011-09-02 00:00:00,IEI,BOT,2000,ARCA,121.7,10.0
2011-09-02 00:00:00,TLT,SLD,2476,ARCA,112.51,12.38
2011-09-07 00:00:00,IEI,SLD,2000,ARCA,121.54,10.0
2011-09-07 00:00:00,TLT,BOT,2476,ARCA,111.51,12.38
2011-09-13 00:00:00,IEI,SLD,2000,ARCA,121.66,10.0
2011-09-13 00:00:00,TLT,BOT,2481,ARCA,112.21,12.405
2011-09-14 00:00:00,IEI,BOT,2000,ARCA,121.6,10.0
2011-09-14 00:00:00,TLT,SLD,2481,ARCA,113.16,12.405
2011-09-15 00:00:00,IEI,SLD,2000,ARCA,121.37,10.0
2011-09-15 00:00:00,TLT,BOT,2493,ARCA,111.43,12.465
2011-09-16 00:00:00,IEI,BOT,2000,ARCA,121.4,10.0
2011-09-16 00:00:00,TLT,SLD,2493,ARCA,112.24,12.465
2011-09-19 00:00:00,IEI,BOT,2000,ARCA,121.87,10.0
2011-09-19 00:00:00,TLT,SLD,2439,ARCA,114.38,12.195
2011-09-20 00:00:00,IEI,SLD,2000,ARCA,121.89,10.0
2011-09-20 00:00:00,TLT,BOT,2439,ARCA,114.86,12.195
2011-09-21 00:00:00,IEI,BOT,2000,ARCA,121.87,10.0
2011-09-21 00:00:00,TLT,SLD,2351,ARCA,118.66,11.755
2011-09-23 00:00:00,IEI,SLD,2000,ARCA,121.84,10.0
2011-09-23 00:00:00,TLT,BOT,2351,ARCA,120.83,11.755
2011-09-26 00:00:00,IEI,SLD,2000,ARCA,121.62,10.0
2011-09-26 00:00:00,TLT,BOT,2341,ARCA,118.89,11.705
2011-09-28 00:00:00,IEI,BOT,2000,ARCA,121.34,10.0
2011-09-28 00:00:00,TLT,SLD,2341,ARCA,117.03,11.705
2011-09-30 00:00:00,IEI,BOT,2000,ARCA,121.48,10.0
2011-09-30 00:00:00,TLT,SLD,2301,ARCA,120.8,11.505
2011-10-04 00:00:00,IEI,SLD,2000,ARCA,121.57,10.0
2011-10-04 00:00:00,TLT,BOT,2301,ARCA,122.24,11.505
2011-10-06 00:00:00,IEI,SLD,2000,ARCA,121.02,10.0
2011-10-06 00:00:00,TLT,BOT,2321,ARCA,119.12,11.605
2011-10-07 00:00:00,IEI,BOT,2000,ARCA,120.68,10.0
2011-10-07 00:00:00,TLT,SLD,2321,ARCA,118.24,11.605
2011-10-10 00:00:00,IEI,SLD,2000,ARCA,120.34,10.0
2011-10-10 00:00:00,TLT,BOT,2359,ARCA,116.57,11.795
2011-10-11 00:00:00,IEI,BOT,2000,ARCA,120.35,10.0
2011-10-11 00:00:00,TLT,SLD,2359,ARCA,116.18,11.795
2011-10-12 00:00:00,IEI,SLD,2000,ARCA,120.27,10.0
2011-10-12 00:00:00,TLT,BOT,2400,ARCA,114.49,12.0
2011-10-13 00:00:00,IEI,BOT,2000,ARCA,120.51,10.0
2011-10-13 00:00:00,TLT,SLD,2400,ARCA,115.63,12.0
2011-10-14 00:00:00,IEI,SLD,2000,ARCA,120.42,10.0
2011-10-14 00:00:00,TLT,BOT,2414,ARCA,113.95,12.07
2011-10-17 00:00:00,IEI,BOT,2000,ARCA,120.65,10.0
2011-10-17 00:00:00,TLT,SLD,2414,ARCA,115.92,12.07
2011-10-21 00:00:00,IEI,SLD,2000,ARCA,120.68,10.0
2011-10-21 00:00:00,TLT,BOT,2437,ARCA,113.13,12.185
2011-10-24 00:00:00,IEI,BOT,2000,ARCA,120.6,10.0
2011-10-24 00:00:00,TLT,SLD,2437,ARCA,113.32,12.185
2011-10-25 00:00:00,IEI,BOT,2000,ARCA,121.12,10.0
2011-10-25 00:00:00,TLT,SLD,2381,ARCA,116.2,11.905
2011-10-26 00:00:00,IEI,SLD,2000,ARCA,120.7,10.0
2011-10-26 00:00:00,TLT,BOT,2381,ARCA,114.17,11.905
2011-10-27 00:00:00,IEI,SLD,2000,ARCA,120.14,10.0
2011-10-27 00:00:00,TLT,BOT,2488,ARCA,110.3,12.44
2011-10-28 00:00:00,IEI,BOT,2000,ARCA,120.52,10.0
2011-10-28 00:00:00,TLT,SLD,2488,ARCA,111.46,12.44
2011-10-31 00:00:00,IEI,BOT,2000,ARCA,121.31,10.0
2011-10-31 00:00:00,TLT,SLD,2391,ARCA,115.88,11.955
2011-11-02 00:00:00,IEI,SLD,2000,ARCA,121.63,10.0
2011-11-02 00:00:00,TLT,BOT,2391,ARCA,117.96,11.955
2011-11-03 00:00:00,IEI,SLD,2000,ARCA,121.47,10.0
2011-11-03 00:00:00,TLT,BOT,2382,ARCA,116.34,11.91
2011-11-04 00:00:00,IEI,BOT,2000,ARCA,121.56,10.0
2011-11-04 00:00:00,TLT,SLD,2382,ARCA,116.48,11.91
2011-11-08 00:00:00,IEI,SLD,2000,ARCA,121.41,10.0
2011-11-08 00:00:00,TLT,BOT,2393,ARCA,115.72,11.965
2011-11-09 00:00:00,IEI,BOT,2000,ARCA,121.68,10.0
2011-11-09 00:00:00,TLT,SLD,2393,ARCA,118.12,11.965
2011-11-10 00:00:00,IEI,SLD,2000,ARCA,121.56,10.0
2011-11-10 00:00:00,TLT,BOT,2383,ARCA,116.36,11.915
2011-11-11 00:00:00,IEI,BOT,2000,ARCA,121.34,10.0
2011-11-11 00:00:00,TLT,SLD,2383,ARCA,115.65,11.915
2011-11-14 00:00:00,IEI,BOT,2000,ARCA,121.64,10.0
2011-11-14 00:00:00,TLT,SLD,2361,ARCA,117.51,11.805
2011-11-15 00:00:00,IEI,SLD,2000,ARCA,121.55,10.0
2011-11-15 00:00:00,TLT,BOT,2361,ARCA,117.35,11.805
2011-11-22 00:00:00,IEI,BOT,2000,ARCA,121.75,10.0
2011-11-22 00:00:00,TLT,SLD,2287,ARCA,121.39,11.435
2011-11-23 00:00:00,IEI,SLD,2000,ARCA,121.88,10.0
2011-11-23 00:00:00,TLT,BOT,2287,ARCA,122.58,11.435
2011-11-25 00:00:00,IEI,SLD,2000,ARCA,121.66,10.0
2011-11-25 00:00:00,TLT,BOT,2297,ARCA,120.8,11.485
2011-11-28 00:00:00,IEI,BOT,2000,ARCA,121.68,10.0
2011-11-28 00:00:00,TLT,SLD,2297,ARCA,120.74,11.485
2011-11-30 00:00:00,IEI,SLD,2000,ARCA,121.43,10.0
2011-11-30 00:00:00,TLT,BOT,2349,ARCA,117.88,11.745
2011-12-01 00:00:00,IEI,BOT,2000,ARCA,121.31,10.0
2011-12-01 00:00:00,TLT,SLD,2349,ARCA,117.0,11.745
2011-12-02 00:00:00,IEI,BOT,2000,ARCA,121.55,10.0
2011-12-02 00:00:00,TLT,SLD,2333,ARCA,118.64,11.665
2011-12-05 00:00:00,IEI,SLD,2000,ARCA,121.47,10.0
2011-12-05 00:00:00,TLT,BOT,2333,ARCA,118.4,11.665
2011-12-06 00:00:00,IEI,SLD,2000,ARCA,121.45,10.0
2011-12-06 00:00:00,TLT,BOT,2358,ARCA,117.27,11.79
2011-12-07 00:00:00,IEI,BOT,2000,ARCA,121.67,10.0
2011-12-07 00:00:00,TLT,SLD,2358,ARCA,117.69,11.79
2011-12-08 00:00:00,IEI,BOT,2000,ARCA,121.91,10.0
2011-12-08 00:00:00,TLT,SLD,2330,ARCA,119.16,11.65
2011-12-09 00:00:00,IEI,SLD,2000,ARCA,121.71,10.0
2011-12-09 00:00:00,TLT,BOT,2330,ARCA,116.71,11.65
2011-12-12 00:00:00,IEI,BOT,2000,ARCA,121.82,10.0
2011-12-12 00:00:00,TLT,SLD,2351,ARCA,118.01,11.755
2011-12-13 00:00:00,IEI,SLD,2000,ARCA,121.93,10.0
2011-12-13 00:00:00,TLT,BOT,2351,ARCA,119.11,11.755
2011-12-14 00:00:00,IEI,BOT,2000,ARCA,122.0,10.0
2011-12-14 00:00:00,TLT,SLD,2289,ARCA,121.36,11.445
2011-12-15 00:00:00,IEI,SLD,2000,ARCA,121.91,10.0
2011-12-15 00:00:00,TLT,BOT,2289,ARCA,120.91,11.445
2011-12-16 00:00:00,IEI,BOT,2000,ARCA,122.23,10.0
2011-12-16 00:00:00,TLT,SLD,2275,ARCA,122.32,11.375
2011-12-20 00:00:00,IEI,SLD,2000,ARCA,121.93,10.0
2011-12-20 00:00:00,TLT,BOT,2275,ARCA,120.78,11.375
2011-12-21 00:00:00,IEI,SLD,2000,ARCA,121.69,10.0
2011-12-21 00:00:00,TLT,BOT,2327,ARCA,119.1,11.635
2011-12-22 00:00:00,IEI,BOT,2000,ARCA,121.74,10.0
2011-12-22 00:00:00,TLT,SLD,2327,ARCA,119.6,11.635
2011-12-23 00:00:00,IEI,SLD,2000,ARCA,121.45,10.0
2011-12-23 00:00:00,TLT,BOT,2338,ARCA,118.27,11.69
2011-12-27 00:00:00,IEI,BOT,2000,ARCA,121.34,10.0
2011-12-27 00:00:00,TLT,SLD,2338,ARCA,118.45,11.69
2011-12-28 00:00:00,IEI,BOT,2000,ARCA,121.66,10.0
2011-12-28 00:00:00,TLT,SLD,2291,ARCA,120.64,11.455
2011-12-29 00:00:00,IEI,SLD,2000,ARCA,121.76,10.0
2011-12-29 00:00:00,TLT,BOT,2291,ARCA,120.86,11.455
2012-01-03 00:00:00,IEI,SLD,2000,ARCA,121.68,10.0
2012-01-03 00:00:00,TLT,BOT,2314,ARCA,119.43,11.57
2012-01-05 00:00:00,IEI,BOT,2000,ARCA,121.67,10.0
2012-01-05 00:00:00,TLT,SLD,2314,ARCA,117.8,11.57
2012-01-11 00:00:00,IEI,BOT,2000,ARCA,122.09,10.0
2012-01-11 00:00:00,TLT,SLD,2314,ARCA,119.86,11.57
2012-01-12 00:00:00,IEI,SLD,2000,ARCA,122.03,10.0
2012-01-12 00:00:00,TLT,BOT,2314,ARCA,119.69,11.57
2012-01-18 00:00:00,IEI,SLD,2000,ARCA,122.22,10.0
2012-01-18 00:00:00,TLT,BOT,2314,ARCA,119.97,11.57
2012-01-23 00:00:00,IEI,BOT,2000,ARCA,121.64,10.0
2012-01-23 00:00:00,TLT,SLD,2314,ARCA,116.24,11.57
2012-01-26 00:00:00,IEI,BOT,2000,ARCA,122.47,10.0
2012-01-26 00:00:00,TLT,SLD,2364,ARCA,117.71,11.82
2012-01-27 00:00:00,IEI,SLD,2000,ARCA,122.55,10.0
2012-01-27 00:00:00,TLT,BOT,2364,ARCA,118.08,11.82
2012-01-30 00:00:00,IEI,BOT,2000,ARCA,122.67,10.0
2012-01-30 00:00:00,TLT,SLD,2333,ARCA,119.47,11.665
2012-02-01 00:00:00,IEI,SLD,2000,ARCA,122.57,10.0
2012-02-01 00:00:00,TLT,BOT,2333,ARCA,119.18,11.665
2012-02-03 00:00:00,IEI,SLD,2000,ARCA,122.27,10.0
2012-02-03 00:00:00,TLT,BOT,2379,ARCA,116.57,11.895
2012-02-06 00:00:00,IEI,BOT,2000,ARCA,122.41,10.0
2012-02-06 00:00:00,TLT,SLD,2379,ARCA,117.73,11.895
2012-02-07 00:00:00,IEI,SLD,2000,ARCA,122.11,10.0
2012-02-07 00:00:00,TLT,BOT,2382,ARCA,116.27,11.91
2012-02-08 00:00:00,IEI,BOT,2000,ARCA,122.09,10.0
2012-02-08 00:00:00,TLT,SLD,2382,ARCA,116.36,11.91
2012-02-10 00:00:00,IEI,BOT,2000,ARCA,122.19,10.0
2012-02-10 00:00:00,TLT,SLD,2369,ARCA,116.99,11.845
2012-02-13 00:00:00,IEI,SLD,2000,ARCA,122.07,10.0
2012-02-13 00:00:00,TLT,BOT,2369,ARCA,117.14,11.845
2012-02-21 00:00:00,IEI,SLD,2000,ARCA,121.64,10.0
2012-02-21 00:00:00,TLT,BOT,2393,ARCA,115.29,11.965
2012-02-22 00:00:00,IEI,BOT,2000,ARCA,121.92,10.0
2012-02-22 00:00:00,TLT,SLD,2393,ARCA,116.74,11.965
2012-03-01 00:00:00,IEI,SLD,2000,ARCA,121.69,10.0
2012-03-01 00:00:00,TLT,BOT,2375,ARCA,116.06,11.875
2012-03-02 00:00:00,IEI,BOT,2000,ARCA,122.04,10.0
2012-03-02 00:00:00,TLT,SLD,2375,ARCA,117.15,11.875
2012-03-06 00:00:00,IEI,BOT,2000,ARCA,122.11,10.0
2012-03-06 00:00:00,TLT,SLD,2351,ARCA,117.63,11.755
2012-03-07 00:00:00,IEI,SLD,2000,ARCA,122.0,10.0
2012-03-07 00:00:00,TLT,BOT,2351,ARCA,116.91,11.755
2012-03-08 00:00:00,IEI,SLD,2000,ARCA,121.82,10.0
2012-03-08 00:00:00,TLT,BOT,2384,ARCA,115.74,11.92
2012-03-09 00:00:00,IEI,BOT,2000,ARCA,121.81,10.0
2012-03-09 00:00:00,TLT,SLD,2384,ARCA,115.97,11.92
2012-03-13 00:00:00,IEI,SLD,2000,ARCA,121.24,10.0
2012-03-13 00:00:00,TLT,BOT,2411,ARCA,113.91,12.055
2012-03-15 00:00:00,IEI,BOT,2000,ARCA,120.68,10.0
2012-03-15 00:00:00,TLT,SLD,2411,ARCA,111.21,12.055
2012-03-19 00:00:00,IEI,SLD,2000,ARCA,120.21,10.0
2012-03-19 00:00:00,TLT,BOT,2473,ARCA,110.1,12.365
2012-03-20 00:00:00,IEI,BOT,2000,ARCA,120.12,10.0
2012-03-20 00:00:00,TLT,SLD,2473,ARCA,110.54,12.365
2012-03-21 00:00:00,IEI,BOT,2000,ARCA,120.47,10.0
2012-03-21 00:00:00,TLT,SLD,2441,ARCA,111.79,12.205
2012-03-22 00:00:00,IEI,SLD,2000,ARCA,120.59,10.0
2012-03-22 00:00:00,TLT,BOT,2441,ARCA,112.15,12.205
2012-03-30 00:00:00,IEI,SLD,2000,ARCA,121.1,10.0
2012-03-30 00:00:00,TLT,BOT,2444,ARCA,112.2,12.22
2012-04-02 00:00:00,IEI,BOT,2000,ARCA,121.12,10.0
2012-04-02 00:00:00,TLT,SLD,2444,ARCA,112.53,12.22
2012-04-03 00:00:00,IEI,SLD,2000,ARCA,120.66,10.0
2012-04-03 00:00:00,TLT,BOT,2467,ARCA,110.58,12.335
2012-04-04 00:00:00,IEI,BOT,2000,ARCA,120.96,10.0
2012-04-04 00:00:00,TLT,SLD,2467,ARCA,112.1,12.335
2012-04-09 00:00:00,IEI,BOT,2000,ARCA,121.8,10.0
2012-04-09 00:00:00,TLT,SLD,2383,ARCA,115.55,11.915
2012-04-11 00:00:00,IEI,SLD,2000,ARCA,121.91,10.0
2012-04-11 00:00:00,TLT,BOT,2383,ARCA,115.46,11.915
2012-04-13 00:00:00,IEI,BOT,2000,ARCA,122.04,10.0
2012-04-13 00:00:00,TLT,SLD,2361,ARCA,116.84,11.805
2012-04-16 00:00:00,IEI,SLD,2000,ARCA,122.12,10.0
2012-04-16 00:00:00,TLT,BOT,2361,ARCA,116.67,11.805
2012-05-14 00:00:00,IEI,BOT,2000,ARCA,122.87,10.0
2012-05-14 00:00:00,TLT,SLD,2289,ARCA,121.17,11.445
2012-05-15 00:00:00,IEI,SLD,2000,ARCA,122.79,10.0
2012-05-15 00:00:00,TLT,BOT,2289,ARCA,121.66,11.445
2012-05-17 00:00:00,IEI,BOT,2000,ARCA,122.83,10.0
2012-05-17 00:00:00,TLT,SLD,2233,ARCA,124.17,11.165
2012-05-18 00:00:00,IEI,SLD,2000,ARCA,122.81,10.0
2012-05-18 00:00:00,TLT,BOT,2233,ARCA,124.2,11.165
2012-05-22 00:00:00,IEI,SLD,2000,ARCA,122.69,10.0
2012-05-22 00:00:00,TLT,BOT,2260,ARCA,122.56,11.3
2012-05-23 00:00:00,IEI,BOT,2000,ARCA,122.8,10.0
2012-05-23 00:00:00,TLT,SLD,2260,ARCA,123.41,11.3
2012-05-30 00:00:00,IEI,BOT,2000,ARCA,123.16,10.0
2012-05-30 00:00:00,TLT,SLD,2204,ARCA,126.14,11.02
2012-06-04 00:00:00,IEI,SLD,2000,ARCA,123.11,10.0
2012-06-04 00:00:00,TLT,BOT,2204,ARCA,129.33,11.02
2012-06-05 00:00:00,IEI,SLD,2000,ARCA,123.08,10.0
2012-06-05 00:00:00,TLT,BOT,2174,ARCA,127.6,10.87
2012-06-07 00:00:00,IEI,BOT,2000,ARCA,122.88,10.0
2012-06-07 00:00:00,TLT,SLD,2174,ARCA,125.24,10.87
2012-06-19 00:00:00,IEI,SLD,2000,ARCA,122.96,10.0
2012-06-19 00:00:00,TLT,BOT,2210,ARCA,125.42,11.05
2012-06-20 00:00:00,IEI,BOT,2000,ARCA,122.75,10.0
2012-06-20 00:00:00,TLT,SLD,2210,ARCA,126.04,11.05
2012-06-22 00:00:00,IEI,SLD,2000,ARCA,122.7,10.0
2012-06-22 00:00:00,TLT,BOT,2212,ARCA,125.02,11.06
2012-06-25 00:00:00,IEI,BOT,2000,ARCA,122.93,10.0
2012-06-25 00:00:00,TLT,SLD,2212,ARCA,126.84,11.06
2012-06-29 00:00:00,IEI,SLD,2000,ARCA,123.0,10.0
2012-06-29 00:00:00,TLT,BOT,2214,ARCA,125.2,11.07
2012-07-02 00:00:00,IEI,BOT,2000,ARCA,123.11,10.0
2012-07-02 00:00:00,TLT,SLD,2214,ARCA,126.22,11.07
2012-07-20 00:00:00,IEI,BOT,2000,ARCA,123.74,10.0
2012-07-20 00:00:00,TLT,SLD,2142,ARCA,130.06,10.71
2012-07-23 00:00:00,IEI,SLD,2000,ARCA,123.82,10.0
2012-07-23 00:00:00,TLT,BOT,2142,ARCA,130.79,10.71
2012-07-27 00:00:00,IEI,SLD,2000,ARCA,123.42,10.0
2012-07-27 00:00:00,TLT,BOT,2162,ARCA,128.48,10.81
2012-07-30 00:00:00,IEI,BOT,2000,ARCA,123.62,10.0
2012-07-30 00:00:00,TLT,SLD,2162,ARCA,129.44,10.81
2012-08-03 00:00:00,IEI,SLD,2000,ARCA,123.3,10.0
2012-08-03 00:00:00,TLT,BOT,2175,ARCA,127.42,10.875
2012-08-06 00:00:00,IEI,BOT,2000,ARCA,123.38,10.0
2012-08-06 00:00:00,TLT,SLD,2175,ARCA,127.47,10.875
2012-08-07 00:00:00,IEI,SLD,2000,ARCA,123.09,10.0
2012-08-07 00:00:00,TLT,BOT,2199,ARCA,125.83,10.995
2012-08-08 00:00:00,IEI,BOT,2000,ARCA,122.95,10.0
2012-08-08 00:00:00,TLT,SLD,2199,ARCA,125.16,10.995
2012-08-14 00:00:00,IEI,SLD,2000,ARCA,122.88,10.0
2012-08-14 00:00:00,TLT,BOT,2231,ARCA,123.79,11.155
2012-08-16 00:00:00,IEI,BOT,2000,ARCA,122.47,10.0
2012-08-16 00:00:00,TLT,SLD,2231,ARCA,121.01,11.155
2012-08-22 00:00:00,IEI,BOT,2000,ARCA,123.11,10.0
2012-08-22 00:00:00,TLT,SLD,2224,ARCA,124.41,11.12
2012-08-23 00:00:00,IEI,SLD,2000,ARCA,123.21,10.0
2012-08-23 00:00:00,TLT,BOT,2224,ARCA,124.93,11.12
2012-08-31 00:00:00,IEI,BOT,2000,ARCA,123.82,10.0
2012-08-31 00:00:00,TLT,SLD,2179,ARCA,127.72,10.895
2012-09-04 00:00:00,IEI,SLD,2000,ARCA,123.57,10.0
2012-09-04 00:00:00,TLT,BOT,2179,ARCA,127.32,10.895
2012-09-06 00:00:00,IEI,SLD,2000,ARCA,123.26,10.0
2012-09-06 00:00:00,TLT,BOT,2219,ARCA,124.61,11.095
2012-09-07 00:00:00,IEI,BOT,2000,ARCA,123.4,10.0
2012-09-07 00:00:00,TLT,SLD,2219,ARCA,124.03,11.095
2012-09-12 00:00:00,IEI,SLD,2000,ARCA,123.17,10.0
2012-09-12 00:00:00,TLT,BOT,2265,ARCA,122.01,11.325
2012-09-13 00:00:00,IEI,BOT,2000,ARCA,123.41,10.0
2012-09-13 00:00:00,TLT,SLD,2265,ARCA,121.53,11.325
2012-09-14 00:00:00,IEI,SLD,2000,ARCA,122.98,10.0
2012-09-14 00:00:00,TLT,BOT,2332,ARCA,118.3,11.66
2012-09-17 00:00:00,IEI,BOT,2000,ARCA,123.0,10.0
2012-09-17 00:00:00,TLT,SLD,2332,ARCA,119.72,11.66
2012-09-25 00:00:00,IEI,BOT,2000,ARCA,123.47,10.0
2012-09-25 00:00:00,TLT,SLD,2239,ARCA,123.71,11.195
2012-09-26 00:00:00,IEI,SLD,2000,ARCA,123.7,10.0
2012-09-26 00:00:00,TLT,BOT,2239,ARCA,125.04,11.195
2012-10-04 00:00:00,IEI,SLD,2000,ARCA,123.59,10.0
2012-10-04 00:00:00,TLT,BOT,2255,ARCA,122.74,11.275
2012-10-08 00:00:00,IEI,BOT,2000,ARCA,123.56,10.0
2012-10-08 00:00:00,TLT,SLD,2255,ARCA,122.17,11.275
2012-10-16 00:00:00,IEI,SLD,2000,ARCA,123.3,10.0
2012-10-16 00:00:00,TLT,BOT,2264,ARCA,121.98,11.32
2012-10-17 00:00:00,IEI,BOT,2000,ARCA,122.92,10.0
2012-10-17 00:00:00,TLT,SLD,2264,ARCA,120.85,11.32
2012-10-19 00:00:00,IEI,BOT,2000,ARCA,123.0,10.0
2012-10-19 00:00:00,TLT,SLD,2263,ARCA,121.74,11.315
2012-10-22 00:00:00,IEI,SLD,2000,ARCA,122.8,10.0
2012-10-22 00:00:00,TLT,BOT,2263,ARCA,120.96,11.315
2012-10-23 00:00:00,IEI,BOT,2000,ARCA,123.01,10.0
2012-10-23 00:00:00,TLT,SLD,2246,ARCA,122.69,11.23
2012-10-24 00:00:00,IEI,SLD,2000,ARCA,122.99,10.0
2012-10-24 00:00:00,TLT,BOT,2246,ARCA,121.48,11.23
2012-10-26 00:00:00,IEI,BOT,2000,ARCA,123.03,10.0
2012-10-26 00:00:00,TLT,SLD,2247,ARCA,122.64,11.235
2012-10-31 00:00:00,IEI,SLD,2000,ARCA,123.25,10.0
2012-10-31 00:00:00,TLT,BOT,2247,ARCA,123.36,11.235
2012-11-07 00:00:00,IEI,BOT,2000,ARCA,123.46,10.0
2012-11-07 00:00:00,TLT,SLD,2230,ARCA,124.0,11.15
2012-11-09 00:00:00,IEI,SLD,2000,ARCA,123.66,10.0
2012-11-09 00:00:00,TLT,BOT,2230,ARCA,125.98,11.15
2012-12-12 00:00:00,IEI,SLD,2000,ARCA,123.6,10.0
2012-12-12 00:00:00,TLT,BOT,2254,ARCA,122.59,11.27
2012-12-13 00:00:00,IEI,BOT,2000,ARCA,123.42,10.0
2012-12-13 00:00:00,TLT,SLD,2254,ARCA,122.68,11.27
2012-12-17 00:00:00,IEI,SLD,2000,ARCA,123.22,10.0
2012-12-17 00:00:00,TLT,BOT,2263,ARCA,121.75,11.315
2012-12-18 00:00:00,IEI,BOT,2000,ARCA,123.0,10.0
2012-12-18 00:00:00,TLT,SLD,2263,ARCA,120.51,11.315
2012-12-21 00:00:00,IEI,BOT,2000,ARCA,123.24,10.0
2012-12-21 00:00:00,TLT,SLD,2254,ARCA,122.25,11.27
2012-12-24 00:00:00,IEI,SLD,2000,ARCA,123.19,10.0
2012-12-24 00:00:00,TLT,BOT,2254,ARCA,122.03,11.27
2012-12-31 00:00:00,IEI,SLD,2000,ARCA,123.22,10.0
2012-12-31 00:00:00,TLT,BOT,2270,ARCA,121.18,11.35
2013-01-04 00:00:00,IEI,BOT,2000,ARCA,122.86,10.0
2013-01-04 00:00:00,TLT,SLD,2270,ARCA,118.4,11.35
2013-01-25 00:00:00,IEI,SLD,2000,ARCA,122.79,10.0
2013-01-25 00:00:00,TLT,BOT,2322,ARCA,118.03,11.61
2013-01-28 00:00:00,IEI,BOT,2000,ARCA,122.69,10.0
2013-01-28 00:00:00,TLT,SLD,2322,ARCA,117.6,11.61
2013-02-01 00:00:00,IEI,SLD,2000,ARCA,122.56,10.0
2013-02-01 00:00:00,TLT,BOT,2363,ARCA,115.54,11.815
2013-02-04 00:00:00,IEI,BOT,2000,ARCA,122.89,10.0
2013-02-04 00:00:00,TLT,SLD,2363,ARCA,117.02,11.815
2013-02-25 00:00:00,IEI,BOT,2000,ARCA,123.38,10.0
2013-02-25 00:00:00,TLT,SLD,2304,ARCA,119.33,11.52
2013-02-26 00:00:00,IEI,SLD,2000,ARCA,123.34,10.0
2013-02-26 00:00:00,TLT,BOT,2304,ARCA,118.64,11.52
2013-03-08 00:00:00,IEI,SLD,2000,ARCA,122.67,10.0
2013-03-08 00:00:00,TLT,BOT,2378,ARCA,114.75,11.89
2013-03-11 00:00:00,IEI,BOT,2000,ARCA,122.69,10.0
2013-03-11 00:00:00,TLT,SLD,2378,ARCA,114.86,11.89
2013-03-20 00:00:00,IEI,SLD,2000,ARCA,123.18,10.0
2013-03-20 00:00:00,TLT,BOT,2359,ARCA,116.12,11.795
2013-03-21 00:00:00,IEI,BOT,2000,ARCA,123.26,10.0
2013-03-21 00:00:00,TLT,SLD,2359,ARCA,117.24,11.795
2013-04-04 00:00:00,IEI,BOT,2000,ARCA,123.87,10.0
2013-04-04 00:00:00,TLT,SLD,2285,ARCA,120.39,11.425
2013-04-08 00:00:00,IEI,SLD,2000,ARCA,123.79,10.0
2013-04-08 00:00:00,TLT,BOT,2285,ARCA,121.88,11.425
2013-04-10 00:00:00,IEI,SLD,2000,ARCA,123.63,10.0
2013-04-10 00:00:00,TLT,BOT,2289,ARCA,119.91,11.445
2013-04-11 00:00:00,IEI,BOT,2000,ARCA,123.7,10.0
2013-04-11 00:00:00,TLT,SLD,2289,ARCA,120.14,11.445
2013-04-12 00:00:00,IEI,BOT,2000,ARCA,123.91,10.0
2013-04-12 00:00:00,TLT,SLD,2257,ARCA,121.93,11.285
2013-04-15 00:00:00,IEI,SLD,2000,ARCA,123.99,10.0
2013-04-15 00:00:00,TLT,BOT,2257,ARCA,122.99,11.285
2013-05-01 00:00:00,IEI,BOT,2000,ARCA,124.19,10.0
2013-05-01 00:00:00,TLT,SLD,2220,ARCA,124.01,11.1
2013-05-02 00:00:00,IEI,SLD,2000,ARCA,124.23,10.0
2013-05-02 00:00:00,TLT,BOT,2220,ARCA,123.85,11.1
2013-05-03 00:00:00,IEI,SLD,2000,ARCA,123.78,10.0
2013-05-03 00:00:00,TLT,BOT,2269,ARCA,120.93,11.345
2013-05-06 00:00:00,IEI,BOT,2000,ARCA,123.74,10.0
2013-05-06 00:00:00,TLT,SLD,2269,ARCA,120.63,11.345
2013-05-14 00:00:00,IEI,SLD,2000,ARCA,123.17,10.0
2013-05-14 00:00:00,TLT,BOT,2342,ARCA,116.56,11.71
2013-05-15 00:00:00,IEI,BOT,2000,ARCA,123.28,10.0
2013-05-15 00:00:00,TLT,SLD,2342,ARCA,117.34,11.71
2013-05-17 00:00:00,IEI,SLD,2000,ARCA,123.3,10.0
2013-05-17 00:00:00,TLT,BOT,2334,ARCA,117.06,11.67
2013-05-20 00:00:00,IEI,BOT,2000,ARCA,123.27,10.0
2013-05-20 00:00:00,TLT,SLD,2334,ARCA,116.92,11.67
2013-05-22 00:00:00,IEI,SLD,2000,ARCA,122.97,10.0
2013-05-22 00:00:00,TLT,BOT,2347,ARCA,116.09,11.735
2013-05-23 00:00:00,IEI,BOT,2000,ARCA,123.01,10.0
2013-05-23 00:00:00,TLT,SLD,2347,ARCA,116.64,11.735
2013-05-28 00:00:00,IEI,SLD,2000,ARCA,122.38,10.0
2013-05-28 00:00:00,TLT,BOT,2382,ARCA,113.84,11.91
2013-05-29 00:00:00,IEI,BOT,2000,ARCA,122.52,10.0
2013-05-29 00:00:00,TLT,SLD,2382,ARCA,115.12,11.91
2013-06-05 00:00:00,IEI,BOT,2000,ARCA,122.42,10.0
2013-06-05 00:00:00,TLT,SLD,2348,ARCA,115.29,11.74
2013-06-06 00:00:00,IEI,SLD,2000,ARCA,122.46,10.0
2013-06-06 00:00:00,TLT,BOT,2348,ARCA,115.22,11.74
2013-06-07 00:00:00,IEI,SLD,2000,ARCA,122.08,10.0
2013-06-07 00:00:00,TLT,BOT,2386,ARCA,113.16,11.93
2013-06-10 00:00:00,IEI,BOT,2000,ARCA,121.93,10.0
2013-06-10 00:00:00,TLT,SLD,2386,ARCA,112.62,11.93
2013-06-11 00:00:00,IEI,BOT,2000,ARCA,122.02,10.0
2013-06-11 00:00:00,TLT,SLD,2368,ARCA,113.96,11.84
2013-06-12 00:00:00,IEI,SLD,2000,ARCA,121.79,10.0
2013-06-12 00:00:00,TLT,BOT,2368,ARCA,112.33,11.84
2013-06-13 00:00:00,IEI,BOT,2000,ARCA,122.21,10.0
2013-06-13 00:00:00,TLT,SLD,2369,ARCA,114.09,11.845
2013-06-14 00:00:00,IEI,SLD,2000,ARCA,122.37,10.0
2013-06-14 00:00:00,TLT,BOT,2369,ARCA,113.82,11.845
2013-06-20 00:00:00,IEI,SLD,2000,ARCA,121.1,10.0
2013-06-20 00:00:00,TLT,BOT,2428,ARCA,110.27,12.14
2013-06-24 00:00:00,IEI,BOT,2000,ARCA,120.22,10.0
2013-06-24 00:00:00,TLT,SLD,2428,ARCA,108.85,12.14
2013-06-25 00:00:00,IEI,SLD,2000,ARCA,120.21,10.0
2013-06-25 00:00:00,TLT,BOT,2464,ARCA,107.88,12.32
2013-06-26 00:00:00,IEI,BOT,2000,ARCA,120.45,10.0
2013-06-26 00:00:00,TLT,SLD,2464,ARCA,108.58,12.32
2013-07-05 00:00:00,IEI,SLD,2000,ARCA,119.69,10.0
2013-07-05 00:00:00,TLT,BOT,2486,ARCA,106.26,12.43
2013-07-08 00:00:00,IEI,BOT,2000,ARCA,120.16,10.0
2013-07-08 00:00:00,TLT,SLD,2486,ARCA,107.29,12.43
2013-07-18 00:00:00,IEI,SLD,2000,ARCA,120.99,10.0
2013-07-18 00:00:00,TLT,BOT,2484,ARCA,107.5,12.42
2013-07-19 00:00:00,IEI,BOT,2000,ARCA,121.23,10.0
2013-07-19 00:00:00,TLT,SLD,2484,ARCA,109.2,12.42
2013-07-24 00:00:00,IEI,SLD,2000,ARCA,120.86,10.0
2013-07-24 00:00:00,TLT,BOT,2480,ARCA,107.52,12.4
2013-07-25 00:00:00,IEI,BOT,2000,ARCA,120.99,10.0
2013-07-25 00:00:00,TLT,SLD,2480,ARCA,107.48,12.4
2013-08-01 00:00:00,IEI,SLD,2000,ARCA,120.37,10.0
2013-08-01 00:00:00,TLT,BOT,2516,ARCA,105.36,12.58
2013-08-02 00:00:00,IEI,BOT,2000,ARCA,121.01,10.0
2013-08-02 00:00:00,TLT,SLD,2516,ARCA,106.52,12.58
2013-08-13 00:00:00,IEI,SLD,2000,ARCA,120.5,10.0
2013-08-13 00:00:00,TLT,BOT,2528,ARCA,104.99,12.64
2013-08-14 00:00:00,IEI,BOT,2000,ARCA,120.52,10.0
2013-08-14 00:00:00,TLT,SLD,2528,ARCA,105.15,12.64
2013-08-15 00:00:00,IEI,SLD,2000,ARCA,120.27,10.0
2013-08-15 00:00:00,TLT,BOT,2553,ARCA,103.73,12.765
2013-08-16 00:00:00,IEI,BOT,2000,ARCA,120.05,10.0
2013-08-16 00:00:00,TLT,SLD,2553,ARCA,103.37,12.765
2013-08-22 00:00:00,IEI,BOT,2000,ARCA,119.52,10.0
2013-08-22 00:00:00,TLT,SLD,2551,ARCA,103.17,12.755
2013-08-26 00:00:00,IEI,SLD,2000,ARCA,119.98,10.0
2013-08-26 00:00:00,TLT,BOT,2551,ARCA,104.81,12.755
2013-08-27 00:00:00,IEI,BOT,2000,ARCA,120.27,10.0
2013-08-27 00:00:00,TLT,SLD,2495,ARCA,106.13,12.475
2013-08-28 00:00:00,IEI,SLD,2000,ARCA,120.03,10.0
2013-08-28 00:00:00,TLT,BOT,2495,ARCA,105.27,12.475
2013-09-03 00:00:00,IEI,SLD,2000,ARCA,119.63,10.0
2013-09-03 00:00:00,TLT,BOT,2523,ARCA,104.22,12.615
2013-09-04 00:00:00,IEI,BOT,2000,ARCA,119.31,10.0
2013-09-04 00:00:00,TLT,SLD,2523,ARCA,103.99,12.615
2013-09-05 00:00:00,IEI,SLD,2000,ARCA,118.78,10.0
2013-09-05 00:00:00,TLT,BOT,2545,ARCA,102.54,12.725
2013-09-06 00:00:00,IEI,BOT,2000,ARCA,119.24,10.0
2013-09-06 00:00:00,TLT,SLD,2545,ARCA,103.05,12.725
2013-09-16 00:00:00,IEI,SLD,2000,ARCA,119.9,10.0
2013-09-16 00:00:00,TLT,BOT,2561,ARCA,102.86,12.805
2013-09-17 00:00:00,IEI,BOT,2000,ARCA,120.03,10.0
2013-09-17 00:00:00,TLT,SLD,2561,ARCA,103.71,12.805
2013-09-24 00:00:00,IEI,BOT,2000,ARCA,121.02,10.0
2013-09-24 00:00:00,TLT,SLD,2489,ARCA,106.83,12.445
2013-09-25 00:00:00,IEI,SLD,2000,ARCA,121.2,10.0
2013-09-25 00:00:00,TLT,BOT,2489,ARCA,107.05,12.445
2013-10-16 00:00:00,IEI,BOT,2000,ARCA,121.25,10.0
2013-10-16 00:00:00,TLT,SLD,2513,ARCA,105.85,12.565
2013-10-17 00:00:00,IEI,SLD,2000,ARCA,121.53,10.0
2013-10-17 00:00:00,TLT,BOT,2513,ARCA,106.81,12.565
2013-10-22 00:00:00,IEI,BOT,2000,ARCA,121.83,10.0
2013-10-22 00:00:00,TLT,SLD,2477,ARCA,107.89,12.385
2013-10-23 00:00:00,IEI,SLD,2000,ARCA,121.88,10.0
2013-10-23 00:00:00,TLT,BOT,2477,ARCA,108.31,12.385
2013-11-01 00:00:00,IEI,SLD,2000,ARCA,121.42,10.0
2013-11-01 00:00:00,TLT,BOT,2503,ARCA,106.19,12.515
2013-11-04 00:00:00,IEI,BOT,2000,ARCA,121.56,10.0
2013-11-04 00:00:00,TLT,SLD,2503,ARCA,106.29,12.515
2013-11-05 00:00:00,IEI,SLD,2000,ARCA,121.39,10.0
2013-11-05 00:00:00,TLT,BOT,2531,ARCA,105.02,12.655
2013-11-06 00:00:00,IEI,BOT,2000,ARCA,121.65,10.0
2013-11-06 00:00:00,TLT,SLD,2531,ARCA,105.07,12.655
2013-11-08 00:00:00,IEI,SLD,2000,ARCA,121.2,10.0
2013-11-08 00:00:00,TLT,BOT,2566,ARCA,103.41,12.83
2013-11-11 00:00:00,IEI,BOT,2000,ARCA,121.17,10.0
2013-11-11 00:00:00,TLT,SLD,2566,ARCA,103.02,12.83
2013-11-20 00:00:00,IEI,SLD,2000,ARCA,121.53,10.0
2013-11-20 00:00:00,TLT,BOT,2589,ARCA,102.78,12.945
2013-11-21 00:00:00,IEI,BOT,2000,ARCA,121.57,10.0
2013-11-21 00:00:00,TLT,SLD,2589,ARCA,102.95,12.945
2013-11-22 00:00:00,IEI,BOT,2000,ARCA,121.66,10.0
2013-11-22 00:00:00,TLT,SLD,2563,ARCA,103.91,12.815
2013-11-25 00:00:00,IEI,SLD,2000,ARCA,121.73,10.0
2013-11-25 00:00:00,TLT,BOT,2563,ARCA,104.21,12.815
2013-12-20 00:00:00,IEI,BOT,2000,ARCA,120.45,10.0
2013-12-20 00:00:00,TLT,SLD,2523,ARCA,104.25,12.615
2013-12-23 00:00:00,IEI,SLD,2000,ARCA,120.33,10.0
2013-12-23 00:00:00,TLT,BOT,2523,ARCA,103.66,12.615
2014-01-23 00:00:00,IEI,BOT,2000,ARCA,120.84,10.0
2014-01-23 00:00:00,TLT,SLD,2465,ARCA,106.79,12.325
2014-01-24 00:00:00,IEI,SLD,2000,ARCA,121.08,10.0
2014-01-24 00:00:00,TLT,BOT,2465,ARCA,107.48,12.325
2014-02-03 00:00:00,IEI,BOT,2000,ARCA,121.82,10.0
2014-02-03 00:00:00,TLT,SLD,2423,ARCA,109.32,12.115
2014-02-04 00:00:00,IEI,SLD,2000,ARCA,121.68,10.0
2014-02-04 00:00:00,TLT,BOT,2423,ARCA,108.16,12.115
2014-03-04 00:00:00,IEI,SLD,2000,ARCA,121.4,10.0
2014-03-04 00:00:00,TLT,BOT,2454,ARCA,107.39,12.27
2014-03-05 00:00:00,IEI,BOT,2000,ARCA,121.44,10.0
2014-03-05 00:00:00,TLT,SLD,2454,ARCA,107.62,12.27
2014-03-06 00:00:00,IEI,SLD,2000,ARCA,121.23,10.0
2014-03-06 00:00:00,TLT,BOT,2470,ARCA,106.56,12.35
2014-03-07 00:00:00,IEI,BOT,2000,ARCA,120.91,10.0
2014-03-07 00:00:00,TLT,SLD,2470,ARCA,105.89,12.35
2014-03-13 00:00:00,IEI,BOT,2000,ARCA,121.54,10.0
2014-03-13 00:00:00,TLT,SLD,2432,ARCA,108.5,12.16
2014-03-14 00:00:00,IEI,SLD,2000,ARCA,121.55,10.0
2014-03-14 00:00:00,TLT,BOT,2432,ARCA,108.52,12.16
2014-03-21 00:00:00,IEI,BOT,2000,ARCA,120.63,10.0
2014-03-21 00:00:00,TLT,SLD,2420,ARCA,108.23,12.1
2014-03-24 00:00:00,IEI,SLD,2000,ARCA,120.52,10.0
2014-03-24 00:00:00,TLT,BOT,2420,ARCA,109.0,12.1
2014-05-01 00:00:00,IEI,BOT,2000,ARCA,121.19,10.0
2014-05-01 00:00:00,TLT,SLD,2341,ARCA,112.02,11.705
2014-05-02 00:00:00,IEI,SLD,2000,ARCA,121.13,10.0
2014-05-02 00:00:00,TLT,BOT,2341,ARCA,112.71,11.705
2014-05-14 00:00:00,IEI,BOT,2000,ARCA,121.77,10.0
2014-05-14 00:00:00,TLT,SLD,2333,ARCA,112.96,11.665
2014-05-15 00:00:00,IEI,SLD,2000,ARCA,121.95,10.0
2014-05-15 00:00:00,TLT,BOT,2333,ARCA,113.86,11.665
2014-05-28 00:00:00,IEI,BOT,2000,ARCA,122.31,10.0
2014-05-28 00:00:00,TLT,SLD,2307,ARCA,114.76,11.535
2014-05-29 00:00:00,IEI,SLD,2000,ARCA,122.22,10.0
2014-05-29 00:00:00,TLT,BOT,2307,ARCA,114.15,11.535
2014-06-03 00:00:00,IEI,SLD,2000,ARCA,121.43,10.0
2014-06-03 00:00:00,TLT,BOT,2352,ARCA,111.57,11.76
2014-06-04 00:00:00,IEI,BOT,2000,ARCA,121.44,10.0
2014-06-04 00:00:00,TLT,SLD,2352,ARCA,111.54,11.76
2014-06-19 00:00:00,IEI,SLD,2000,ARCA,121.28,10.0
2014-06-19 00:00:00,TLT,BOT,2361,ARCA,110.96,11.805
2014-06-20 00:00:00,IEI,BOT,2000,ARCA,121.25,10.0
2014-06-20 00:00:00,TLT,SLD,2361,ARCA,111.8,11.805
2014-06-24 00:00:00,IEI,BOT,2000,ARCA,121.38,10.0
2014-06-24 00:00:00,TLT,SLD,2329,ARCA,112.58,11.645
2014-06-25 00:00:00,IEI,SLD,2000,ARCA,121.52,10.0
2014-06-25 00:00:00,TLT,BOT,2329,ARCA,112.87,11.645
2014-07-02 00:00:00,IEI,SLD,2000,ARCA,121.22,10.0
2014-07-02 00:00:00,TLT,BOT,2354,ARCA,111.08,11.77
2014-07-03 00:00:00,IEI,BOT,2000,ARCA,121.06,10.0
2014-07-03 00:00:00,TLT,SLD,2354,ARCA,110.68,11.77
2014-07-08 00:00:00,IEI,BOT,2000,ARCA,121.3,10.0
2014-07-08 00:00:00,TLT,SLD,2321,ARCA,112.74,11.605
2014-07-09 00:00:00,IEI,SLD,2000,ARCA,121.37,10.0
2014-07-09 00:00:00,TLT,BOT,2321,ARCA,112.83,11.605
2014-07-17 00:00:00,IEI,BOT,2000,ARCA,121.69,10.0
2014-07-17 00:00:00,TLT,SLD,2285,ARCA,114.89,11.425
2014-07-18 00:00:00,IEI,SLD,2000,ARCA,121.49,10.0
2014-07-18 00:00:00,TLT,BOT,2285,ARCA,114.52,11.425
2014-07-25 00:00:00,IEI,BOT,2000,ARCA,121.48,10.0
2014-07-25 00:00:00,TLT,SLD,2265,ARCA,115.67,11.325
2014-07-28 00:00:00,IEI,SLD,2000,ARCA,121.41,10.0
2014-07-28 00:00:00,TLT,BOT,2265,ARCA,115.51,11.325
2014-07-30 00:00:00,IEI,SLD,2000,ARCA,121.07,10.0
2014-07-30 00:00:00,TLT,BOT,2284,ARCA,114.32,11.42
2014-07-31 00:00:00,IEI,BOT,2000,ARCA,121.11,10.0
2014-07-31 00:00:00,TLT,SLD,2284,ARCA,113.98,11.42
2014-08-15 00:00:00,IEI,BOT,2000,ARCA,122.21,10.0
2014-08-15 00:00:00,TLT,SLD,2236,ARCA,117.71,11.18
2014-08-18 00:00:00,IEI,SLD,2000,ARCA,122.08,10.0
2014-08-18 00:00:00,TLT,BOT,2236,ARCA,116.54,11.18
2014-09-02 00:00:00,IEI,SLD,2000,ARCA,121.56,10.0
2014-09-02 00:00:00,TLT,BOT,2239,ARCA,116.73,11.195
2014-09-03 00:00:00,IEI,BOT,2000,ARCA,121.64,10.0
2014-09-03 00:00:00,TLT,SLD,2239,ARCA,117.38,11.195
2014-09-04 00:00:00,IEI,SLD,2000,ARCA,121.48,10.0
2014-09-04 00:00:00,TLT,BOT,2253,ARCA,115.95,11.265
2014-09-05 00:00:00,IEI,BOT,2000,ARCA,121.58,10.0
2014-09-05 00:00:00,TLT,SLD,2253,ARCA,115.73,11.265
2014-09-12 00:00:00,IEI,SLD,2000,ARCA,120.93,10.0
2014-09-12 00:00:00,TLT,BOT,2293,ARCA,113.38,11.465
2014-09-15 00:00:00,IEI,BOT,2000,ARCA,121.06,10.0
2014-09-15 00:00:00,TLT,SLD,2293,ARCA,113.55,11.465
2014-09-19 00:00:00,IEI,BOT,2000,ARCA,120.94,10.0
2014-09-19 00:00:00,TLT,SLD,2269,ARCA,114.6,11.345
2014-09-22 00:00:00,IEI,SLD,2000,ARCA,121.16,10.0
2014-09-22 00:00:00,TLT,BOT,2269,ARCA,114.74,11.345
2014-09-25 00:00:00,IEI,BOT,2000,ARCA,121.4,10.0
2014-09-25 00:00:00,TLT,SLD,2247,ARCA,116.17,11.235
2014-09-26 00:00:00,IEI,SLD,2000,ARCA,121.19,10.0
2014-09-26 00:00:00,TLT,BOT,2247,ARCA,116.0,11.235
2014-10-01 00:00:00,IEI,BOT,2000,ARCA,121.73,10.0
2014-10-01 00:00:00,TLT,SLD,2211,ARCA,118.23,11.055
2014-10-02 00:00:00,IEI,SLD,2000,ARCA,121.59,10.0
2014-10-02 00:00:00,TLT,BOT,2211,ARCA,117.2,11.055
2014-10-07 00:00:00,IEI,BOT,2000,ARCA,122.02,10.0
2014-10-07 00:00:00,TLT,SLD,2195,ARCA,119.36,10.975
2014-10-08 00:00:00,IEI,SLD,2000,ARCA,122.46,10.0
2014-10-08 00:00:00,TLT,BOT,2195,ARCA,119.39,10.975
2014-12-08 00:00:00,IEI,BOT,2000,ARCA,122.15,10.0
2014-12-08 00:00:00,TLT,SLD,2134,ARCA,122.57,10.67
2014-12-09 00:00:00,IEI,SLD,2000,ARCA,122.39,10.0
2014-12-09 00:00:00,TLT,BOT,2134,ARCA,123.2,10.67
2014-12-18 00:00:00,IEI,SLD,2000,ARCA,122.19,10.0
2014-12-18 00:00:00,TLT,BOT,2107,ARCA,124.2,10.535
2014-12-19 00:00:00,IEI,BOT,2000,ARCA,122.34,10.0
2014-12-19 00:00:00,TLT,SLD,2107,ARCA,125.87,10.535
2014-12-23 00:00:00,IEI,SLD,2000,ARCA,121.88,10.0
2014-12-23 00:00:00,TLT,BOT,2113,ARCA,123.54,10.565
2014-12-24 00:00:00,IEI,BOT,2000,ARCA,121.75,10.0
2014-12-24 00:00:00,TLT,SLD,2113,ARCA,123.95,10.565
2015-01-05 00:00:00,IEI,BOT,2000,ARCA,122.86,10.0
2015-01-05 00:00:00,TLT,SLD,2032,ARCA,129.32,10.16
2015-01-07 00:00:00,IEI,SLD,2000,ARCA,123.35,10.0
2015-01-07 00:00:00,TLT,BOT,2032,ARCA,131.39,10.16
2015-01-08 00:00:00,IEI,SLD,2000,ARCA,123.2,10.0
2015-01-08 00:00:00,TLT,BOT,2033,ARCA,129.65,10.165
2015-01-09 00:00:00,IEI,BOT,2000,ARCA,123.56,10.0
2015-01-09 00:00:00,TLT,SLD,2033,ARCA,131.07,10.165
2015-01-20 00:00:00,IEI,BOT,2000,ARCA,124.44,10.0
2015-01-20 00:00:00,TLT,SLD,1972,ARCA,134.96,9.86
2015-01-21 00:00:00,IEI,SLD,2000,ARCA,124.16,10.0
2015-01-21 00:00:00,TLT,BOT,1972,ARCA,133.4,9.86
2015-01-23 00:00:00,IEI,BOT,2000,ARCA,124.35,10.0
2015-01-23 00:00:00,TLT,SLD,1974,ARCA,134.77,9.87
2015-01-26 00:00:00,IEI,SLD,2000,ARCA,124.16,10.0
2015-01-26 00:00:00,TLT,BOT,1974,ARCA,134.36,9.87
2015-01-28 00:00:00,IEI,BOT,2000,ARCA,124.73,10.0
2015-01-28 00:00:00,TLT,SLD,1951,ARCA,136.77,9.755
2015-01-29 00:00:00,IEI,SLD,2000,ARCA,124.55,10.0
2015-01-29 00:00:00,TLT,BOT,1951,ARCA,135.87,9.755
2015-01-30 00:00:00,IEI,BOT,2000,ARCA,125.14,10.0
2015-01-30 00:00:00,TLT,SLD,1936,ARCA,138.28,9.68
2015-02-02 00:00:00,IEI,SLD,2000,ARCA,124.93,10.0
2015-02-02 00:00:00,TLT,BOT,1936,ARCA,137.48,9.68
2015-02-03 00:00:00,IEI,SLD,2000,ARCA,124.42,10.0
2015-02-03 00:00:00,TLT,BOT,1976,ARCA,134.57,9.88
2015-02-04 00:00:00,IEI,BOT,2000,ARCA,124.49,10.0
2015-02-04 00:00:00,TLT,SLD,1976,ARCA,134.8,9.88
2015-02-17 00:00:00,IEI,SLD,2000,ARCA,122.64,10.0
2015-02-17 00:00:00,TLT,BOT,2075,ARCA,126.26,10.375
2015-02-18 00:00:00,IEI,BOT,2000,ARCA,123.08,10.0
2015-02-18 00:00:00,TLT,SLD,2075,ARCA,127.01,10.375
2015-02-26 00:00:00,IEI,SLD,2000,ARCA,123.11,10.0
2015-02-26 00:00:00,TLT,BOT,2048,ARCA,128.45,10.24
2015-02-27 00:00:00,IEI,BOT,2000,ARCA,123.33,10.0
2015-02-27 00:00:00,TLT,SLD,2048,ARCA,129.53,10.24
2015-03-02 00:00:00,IEI,SLD,2000,ARCA,122.79,10.0
2015-03-02 00:00:00,TLT,BOT,2066,ARCA,126.87,10.33
2015-03-03 00:00:00,IEI,BOT,2000,ARCA,122.64,10.0
2015-03-03 00:00:00,TLT,SLD,2066,ARCA,126.41,10.33
2015-03-06 00:00:00,IEI,SLD,2000,ARCA,122.17,10.0
2015-03-06 00:00:00,TLT,BOT,2111,ARCA,123.5,10.555
2015-03-09 00:00:00,IEI,BOT,2000,ARCA,122.47,10.0
2015-03-09 00:00:00,TLT,SLD,2111,ARCA,124.64,10.555
2015-03-10 00:00:00,IEI,BOT,2000,ARCA,122.7,10.0
2015-03-10 00:00:00,TLT,SLD,2074,ARCA,126.28,10.37
2015-03-11 00:00:00,IEI,SLD,2000,ARCA,122.77,10.0
2015-03-11 00:00:00,TLT,BOT,2074,ARCA,127.2,10.37
2015-03-18 00:00:00,IEI,BOT,2000,ARCA,123.97,10.0
2015-03-18 00:00:00,TLT,SLD,2013,ARCA,131.49,10.065
2015-03-19 00:00:00,IEI,SLD,2000,ARCA,123.52,10.0
2015-03-19 00:00:00,TLT,BOT,2013,ARCA,130.82,10.065
2015-03-26 00:00:00,IEI,SLD,2000,ARCA,123.65,10.0
2015-03-26 00:00:00,TLT,BOT,2039,ARCA,129.45,10.195
2015-03-27 00:00:00,IEI,BOT,2000,ARCA,123.86,10.0
2015-03-27 00:00:00,TLT,SLD,2039,ARCA,131.06,10.195
2015-04-01 00:00:00,IEI,BOT,2000,ARCA,124.29,10.0
2015-04-01 00:00:00,TLT,SLD,2006,ARCA,132.13,10.03
2015-04-02 00:00:00,IEI,SLD,2000,ARCA,124.2,10.0
2015-04-02 00:00:00,TLT,BOT,2006,ARCA,130.73,10.03
2015-04-09 00:00:00,IEI,SLD,2000,ARCA,124.02,10.0
2015-04-09 00:00:00,TLT,BOT,2043,ARCA,129.43,10.215
2015-04-10 00:00:00,IEI,BOT,2000,ARCA,123.98,10.0
2015-04-10 00:00:00,TLT,SLD,2043,ARCA,129.62,10.215
2015-04-17 00:00:00,IEI,BOT,2000,ARCA,124.52,10.0
2015-04-17 00:00:00,TLT,SLD,2020,ARCA,131.45,10.1
2015-04-20 00:00:00,IEI,SLD,2000,ARCA,124.48,10.0
2015-04-20 00:00:00,TLT,BOT,2020,ARCA,130.29,10.1
2015-04-22 00:00:00,IEI,SLD,2000,ARCA,124.02,10.0
2015-04-22 00:00:00,TLT,BOT,2070,ARCA,127.72,10.35
2015-04-23 00:00:00,IEI,BOT,2000,ARCA,124.2,10.0
2015-04-23 00:00:00,TLT,SLD,2070,ARCA,128.27,10.35
2015-04-28 00:00:00,IEI,SLD,2000,ARCA,124.05,10.0
2015-04-28 00:00:00,TLT,BOT,2078,ARCA,127.29,10.39
2015-04-30 00:00:00,IEI,BOT,2000,ARCA,123.9,10.0
2015-04-30 00:00:00,TLT,SLD,2078,ARCA,125.95,10.39
2015-05-01 00:00:00,IEI,SLD,2000,ARCA,123.37,10.0
2015-05-01 00:00:00,TLT,BOT,2119,ARCA,124.0,10.595
2015-05-04 00:00:00,IEI,BOT,2000,ARCA,123.34,10.0
2015-05-04 00:00:00,TLT,SLD,2119,ARCA,122.83,10.595
2015-05-06 00:00:00,IEI,SLD,2000,ARCA,122.98,10.0
2015-05-06 00:00:00,TLT,BOT,2172,ARCA,120.56,10.86
2015-05-07 00:00:00,IEI,BOT,2000,ARCA,123.12,10.0
2015-05-07 00:00:00,TLT,SLD,2172,ARCA,122.18,10.86
2015-05-11 00:00:00,IEI,SLD,2000,ARCA,122.98,10.0
2015-05-11 00:00:00,TLT,BOT,2191,ARCA,119.53,10.955
2015-05-12 00:00:00,IEI,BOT,2000,ARCA,123.03,10.0
2015-05-12 00:00:00,TLT,SLD,2191,ARCA,119.84,10.955
2015-05-15 00:00:00,IEI,BOT,2000,ARCA,123.66,10.0
2015-05-15 00:00:00,TLT,SLD,2166,ARCA,121.59,10.83
2015-05-18 00:00:00,IEI,SLD,2000,ARCA,123.32,10.0
2015-05-18 00:00:00,TLT,BOT,2166,ARCA,119.55,10.83
2015-05-21 00:00:00,IEI,BOT,2000,ARCA,123.45,10.0
2015-05-21 00:00:00,TLT,SLD,2184,ARCA,120.35,10.92
2015-05-22 00:00:00,IEI,SLD,2000,ARCA,123.29,10.0
2015-05-22 00:00:00,TLT,BOT,2184,ARCA,120.4,10.92
2015-05-26 00:00:00,IEI,BOT,2000,ARCA,123.48,10.0
2015-05-26 00:00:00,TLT,SLD,2147,ARCA,122.46,10.735
2015-05-27 00:00:00,IEI,SLD,2000,ARCA,123.46,10.0
2015-05-27 00:00:00,TLT,BOT,2147,ARCA,122.74,10.735
2015-06-02 00:00:00,IEI,SLD,2000,ARCA,122.92,10.0
2015-06-02 00:00:00,TLT,BOT,2189,ARCA,119.44,10.945
2015-06-04 00:00:00,IEI,BOT,2000,ARCA,122.69,10.0
2015-06-04 00:00:00,TLT,SLD,2189,ARCA,119.05,10.945
2015-06-11 00:00:00,IEI,BOT,2000,ARCA,122.33,10.0
2015-06-11 00:00:00,TLT,SLD,2205,ARCA,117.95,11.025
2015-06-12 00:00:00,IEI,SLD,2000,ARCA,122.28,10.0
2015-06-12 00:00:00,TLT,BOT,2205,ARCA,117.95,11.025
2015-06-17 00:00:00,IEI,SLD,2000,ARCA,122.9,10.0
2015-06-17 00:00:00,TLT,BOT,2212,ARCA,118.15,11.06
2015-06-18 00:00:00,IEI,BOT,2000,ARCA,122.88,10.0
2015-06-18 00:00:00,TLT,SLD,2212,ARCA,117.57,11.06
2015-06-19 00:00:00,IEI,BOT,2000,ARCA,123.19,10.0
2015-06-19 00:00:00,TLT,SLD,2200,ARCA,119.08,11.0
2015-06-22 00:00:00,IEI,SLD,2000,ARCA,122.71,10.0
2015-06-22 00:00:00,TLT,BOT,2200,ARCA,116.65,11.0
2015-06-26 00:00:00,IEI,SLD,2000,ARCA,122.33,10.0
2015-06-26 00:00:00,TLT,BOT,2257,ARCA,115.23,11.285
2015-06-29 00:00:00,IEI,BOT,2000,ARCA,123.04,10.0
2015-06-29 00:00:00,TLT,SLD,2257,ARCA,118.28,11.285
2015-07-01 00:00:00,IEI,SLD,2000,ARCA,122.49,10.0
2015-07-01 00:00:00,TLT,BOT,2250,ARCA,115.62,11.25
2015-07-02 00:00:00,IEI,BOT,2000,ARCA,122.85,10.0
2015-07-02 00:00:00,TLT,SLD,2250,ARCA,116.0,11.25
2015-07-06 00:00:00,IEI,BOT,2000,ARCA,123.27,10.0
2015-07-06 00:00:00,TLT,SLD,2216,ARCA,118.15,11.08
2015-07-07 00:00:00,IEI,SLD,2000,ARCA,123.41,10.0
2015-07-07 00:00:00,TLT,BOT,2216,ARCA,119.26,11.08
2015-07-09 00:00:00,IEI,SLD,2000,ARCA,123.21,10.0
2015-07-09 00:00:00,TLT,BOT,2219,ARCA,117.92,11.095
2015-07-13 00:00:00,IEI,BOT,2000,ARCA,122.56,10.0
2015-07-13 00:00:00,TLT,SLD,2219,ARCA,115.69,11.095
2015-07-23 00:00:00,IEI,BOT,2000,ARCA,123.06,10.0
2015-07-23 00:00:00,TLT,SLD,2158,ARCA,121.09,10.79
2015-07-24 00:00:00,IEI,SLD,2000,ARCA,123.13,10.0
2015-07-24 00:00:00,TLT,BOT,2158,ARCA,121.39,10.79
2015-08-03 00:00:00,IEI,BOT,2000,ARCA,123.6,10.0
2015-08-03 00:00:00,TLT,SLD,2122,ARCA,123.55,10.61
2015-08-04 00:00:00,IEI,SLD,2000,ARCA,123.14,10.0
2015-08-04 00:00:00,TLT,BOT,2122,ARCA,122.57,10.61
2015-08-07 00:00:00,IEI,BOT,2000,ARCA,123.3,10.0
2015-08-07 00:00:00,TLT,SLD,2103,ARCA,124.34,10.515
2015-08-10 00:00:00,IEI,SLD,2000,ARCA,123.13,10.0
2015-08-10 00:00:00,TLT,BOT,2103,ARCA,122.8,10.515
2015-08-11 00:00:00,IEI,BOT,2000,ARCA,123.58,10.0
2015-08-11 00:00:00,TLT,SLD,2101,ARCA,124.75,10.505
2015-08-12 00:00:00,IEI,SLD,2000,ARCA,123.64,10.0
2015-08-12 00:00:00,TLT,BOT,2101,ARCA,124.07,10.505
2015-08-25 00:00:00,IEI,SLD,2000,ARCA,124.08,10.0
2015-08-25 00:00:00,TLT,BOT,2117,ARCA,124.33,10.585
2015-08-27 00:00:00,IEI,BOT,2000,ARCA,123.73,10.0
2015-08-27 00:00:00,TLT,SLD,2117,ARCA,122.0,10.585
2015-09-08 00:00:00,IEI,SLD,2000,ARCA,123.52,10.0
2015-09-08 00:00:00,TLT,BOT,2165,ARCA,120.87,10.825
2015-09-09 00:00:00,IEI,BOT,2000,ARCA,123.58,10.0
2015-09-09 00:00:00,TLT,SLD,2165,ARCA,121.45,10.825
2015-09-15 00:00:00,IEI,SLD,2000,ARCA,123.22,10.0
2015-09-15 00:00:00,TLT,BOT,2189,ARCA,119.25,10.945
2015-09-16 00:00:00,IEI,BOT,2000,ARCA,123.2,10.0
2015-09-16 00:00:00,TLT,SLD,2189,ARCA,118.8,10.945
2015-09-18 00:00:00,IEI,BOT,2000,ARCA,124.15,10.0
2015-09-18 00:00:00,TLT,SLD,2154,ARCA,122.1,10.77
2015-09-21 00:00:00,IEI,SLD,2000,ARCA,123.83,10.0
2015-09-21 00:00:00,TLT,BOT,2154,ARCA,120.11,10.77
2015-09-22 00:00:00,IEI,BOT,2000,ARCA,124.15,10.0
2015-09-22 00:00:00,TLT,SLD,2160,ARCA,121.78,10.8
2015-09-23 00:00:00,IEI,SLD,2000,ARCA,124.06,10.0
2015-09-23 00:00:00,TLT,BOT,2160,ARCA,121.77,10.8
2015-09-28 00:00:00,IEI,BOT,2000,ARCA,124.35,10.0
2015-09-28 00:00:00,TLT,SLD,2131,ARCA,123.62,10.655
2015-09-29 00:00:00,IEI,SLD,2000,ARCA,124.56,10.0
2015-09-29 00:00:00,TLT,BOT,2131,ARCA,123.97,10.655
2015-10-05 00:00:00,IEI,SLD,2000,ARCA,124.66,10.0
2015-10-05 00:00:00,TLT,BOT,2147,ARCA,122.87,10.735
2015-10-06 00:00:00,IEI,BOT,2000,ARCA,124.76,10.0
2015-10-06 00:00:00,TLT,SLD,2147,ARCA,123.4,10.735
2015-10-29 00:00:00,IEI,SLD,2000,ARCA,123.85,10.0
2015-10-29 00:00:00,TLT,BOT,2150,ARCA,121.86,10.75
2015-10-30 00:00:00,IEI,BOT,2000,ARCA,123.91,10.0
2015-10-30 00:00:00,TLT,SLD,2150,ARCA,122.78,10.75
2015-11-06 00:00:00,IEI,SLD,2000,ARCA,122.63,10.0
2015-11-06 00:00:00,TLT,BOT,2178,ARCA,119.0,10.89
2015-11-09 00:00:00,IEI,BOT,2000,ARCA,122.52,10.0
2015-11-09 00:00:00,TLT,SLD,2178,ARCA,118.33,10.89
2015-12-01 00:00:00,IEI,BOT,2000,ARCA,123.43,10.0
2015-12-01 00:00:00,TLT,SLD,2122,ARCA,122.83,10.61
2015-12-02 00:00:00,IEI,SLD,2000,ARCA,123.19,10.0
2015-12-02 00:00:00,TLT,BOT,2122,ARCA,122.87,10.61
2015-12-03 00:00:00,IEI,SLD,2000,ARCA,122.64,10.0
2015-12-03 00:00:00,TLT,BOT,2166,ARCA,119.53,10.83
2015-12-04 00:00:00,IEI,BOT,2000,ARCA,122.81,10.0
2015-12-04 00:00:00,TLT,SLD,2166,ARCA,120.58,10.83
2015-12-11 00:00:00,IEI,BOT,2000,ARCA,123.59,10.0
2015-12-11 00:00:00,TLT,SLD,2108,ARCA,123.76,10.54
2015-12-14 00:00:00,IEI,SLD,2000,ARCA,123.12,10.0
2015-12-14 00:00:00,TLT,BOT,2108,ARCA,122.16,10.54
2015-12-17 00:00:00,IEI,BOT,2000,ARCA,122.86,10.0
2015-12-17 00:00:00,TLT,SLD,2117,ARCA,122.55,10.585
2015-12-18 00:00:00,IEI,SLD,2000,ARCA,123.13,10.0
2015-12-18 00:00:00,TLT,BOT,2117,ARCA,123.23,10.585
2015-12-29 00:00:00,IEI,SLD,2000,ARCA,122.45,10.0
2015-12-29 00:00:00,TLT,BOT,2149,ARCA,120.16,10.745
2015-12-30 00:00:00,IEI,BOT,2000,ARCA,122.48,10.0
2015-12-30 00:00:00,TLT,SLD,2149,ARCA,120.04,10.745
2016-01-06 00:00:00,IEI,BOT,2000,ARCA,123.27,10.0
2016-01-06 00:00:00,TLT,SLD,2121,ARCA,122.59,10.605
2016-01-07 00:00:00,IEI,SLD,2000,ARCA,123.55,10.0
2016-01-07 00:00:00,TLT,BOT,2121,ARCA,122.81,10.605
2016-01-11 00:00:00,IEI,SLD,2000,ARCA,123.65,10.0
2016-01-11 00:00:00,TLT,BOT,2138,ARCA,122.01,10.69
2016-01-12 00:00:00,IEI,BOT,2000,ARCA,123.88,10.0
2016-01-12 00:00:00,TLT,SLD,2138,ARCA,123.77,10.69
2016-01-15 00:00:00,IEI,BOT,2000,ARCA,124.44,10.0
2016-01-15 00:00:00,TLT,SLD,2087,ARCA,125.75,10.435
2016-01-19 00:00:00,IEI,SLD,2000,ARCA,124.32,10.0
2016-01-19 00:00:00,TLT,BOT,2087,ARCA,125.36,10.435
2016-02-02 00:00:00,IEI,BOT,2000,ARCA,125.38,10.0
2016-02-02 00:00:00,TLT,SLD,2048,ARCA,129.02,10.24
2016-02-03 00:00:00,IEI,SLD,2000,ARCA,125.41,10.0
2016-02-03 00:00:00,TLT,BOT,2048,ARCA,127.95,10.24
2016-02-08 00:00:00,IEI,BOT,2000,ARCA,126.03,10.0
2016-02-08 00:00:00,TLT,SLD,2020,ARCA,131.49,10.1
2016-02-09 00:00:00,IEI,SLD,2000,ARCA,125.99,10.0
2016-02-09 00:00:00,TLT,BOT,2020,ARCA,131.63,10.1
2016-02-12 00:00:00,IEI,SLD,2000,ARCA,125.9,10.0
2016-02-12 00:00:00,TLT,BOT,2018,ARCA,131.5,10.09
2016-02-16 00:00:00,IEI,BOT,2000,ARCA,125.74,10.0
2016-02-16 00:00:00,TLT,SLD,2018,ARCA,130.11,10.09
2016-02-18 00:00:00,IEI,BOT,2000,ARCA,125.85,10.0
2016-02-18 00:00:00,TLT,SLD,2026,ARCA,130.9,10.13
2016-02-19 00:00:00,IEI,SLD,2000,ARCA,125.74,10.0
2016-02-19 00:00:00,TLT,BOT,2026,ARCA,131.01,10.13
2016-03-01 00:00:00,IEI,SLD,2000,ARCA,125.07,10.0
2016-03-01 00:00:00,TLT,BOT,2050,ARCA,128.43,10.25
2016-03-02 00:00:00,IEI,BOT,2000,ARCA,124.96,10.0
2016-03-02 00:00:00,TLT,SLD,2050,ARCA,128.96,10.25
2016-03-30 00:00:00,IEI,SLD,2000,ARCA,125.67,10.0
2016-03-30 00:00:00,TLT,BOT,2040,ARCA,129.69,10.2
2016-03-31 00:00:00,IEI,BOT,2000,ARCA,125.95,10.0
2016-03-31 00:00:00,TLT,SLD,2040,ARCA,130.61,10.2
2016-06-24 00:00:00,IEI,BOT,2000,ARCA,126.92,10.0
2016-06-24 00:00:00,TLT,SLD,1962,ARCA,135.78,9.81
2016-06-28 00:00:00,IEI,SLD,2000,ARCA,127.45,10.0
2016-06-28 00:00:00,TLT,BOT,1962,ARCA,139.46,9.81
2016-07-01 00:00:00,IEI,BOT,2000,ARCA,127.41,10.0
2016-07-01 00:00:00,TLT,SLD,1901,ARCA,140.57,9.505
2016-07-05 00:00:00,IEI,SLD,2000,ARCA,127.67,10.0
2016-07-05 00:00:00,TLT,BOT,1901,ARCA,142.33,9.505
2016-07-12 00:00:00,IEI,SLD,2000,ARCA,126.85,10.0
2016-07-12 00:00:00,TLT,BOT,1900,ARCA,140.0,9.5
2016-07-13 00:00:00,IEI,BOT,2000,ARCA,126.97,10.0
2016-07-13 00:00:00,TLT,SLD,1900,ARCA,141.65,9.5
2016-07-14 00:00:00,IEI,SLD,2000,ARCA,126.76,10.0
2016-07-14 00:00:00,TLT,BOT,1904,ARCA,139.59,9.52
2016-07-15 00:00:00,IEI,BOT,2000,ARCA,126.52,10.0
2016-07-15 00:00:00,TLT,SLD,1904,ARCA,138.39,9.52
